--------------------------------------------------------
--  파일이 생성됨 - 토요일-7월-15-2017   
--------------------------------------------------------
DROP TABLE "MAP"."EXHIBITION";
DROP TABLE "MAP"."EXHIBITION_DETAIL";
DROP TABLE "MAP"."FOLLOW_CATEGORY";
DROP TABLE "MAP"."FOLLOW_USER";
DROP TABLE "MAP"."OWNER_CONFIRM";
DROP TABLE "MAP"."PORTAL_DATA";
DROP TABLE "MAP"."PORTAL_DATA_CHECK";
DROP TABLE "MAP"."REVIEW";
DROP TABLE "MAP"."REVIEW_CHECK";
DROP TABLE "MAP"."REVIEW_COMMENT";
DROP TABLE "MAP"."REVIEW_GOOD_BAD";
DROP TABLE "MAP"."REVIEW_IMG";
DROP TABLE "MAP"."SHOP";
DROP TABLE "MAP"."SHOP_CATEGORY";
DROP TABLE "MAP"."USERS";
DROP TABLE "MAP"."USER_SNS";
DROP SEQUENCE "MAP"."SEQ_EXHIBITION_ID";
DROP SEQUENCE "MAP"."SEQ_FOLLOW_CATEGORY_ID";
DROP SEQUENCE "MAP"."SEQ_FOLLOW_USER_ID";
DROP SEQUENCE "MAP"."SEQ_PORTAL_DATA_ID";
DROP SEQUENCE "MAP"."SEQ_REVIEW_COMMENT_ID";
DROP SEQUENCE "MAP"."SEQ_REVIEW_ID";
DROP SEQUENCE "MAP"."SEQ_SHOP_CATEGORY_ID";
DROP SEQUENCE "MAP"."SEQ_SHOP_ID";
DROP SEQUENCE "MAP"."SEQ_USERS_ID";
--------------------------------------------------------
--  DDL for Table EXHIBITION
--------------------------------------------------------

  CREATE TABLE "MAP"."EXHIBITION" 
   (	"EXHIBITION_ID" NUMBER, 
	"EX_TITLE" VARCHAR2(1000 BYTE), 
	"EX_DESC" CLOB, 
	"EX_IMAGE" VARCHAR2(1000 BYTE), 
	"EX_ORDER" NUMBER, 
	"EX_VISIABLE" NUMBER
   ) SEGMENT CREATION IMMEDIATE 
  PCTFREE 10 PCTUSED 40 INITRANS 1 MAXTRANS 255 NOCOMPRESS LOGGING
  STORAGE(INITIAL 65536 NEXT 1048576 MINEXTENTS 1 MAXEXTENTS 2147483645
  PCTINCREASE 0 FREELISTS 1 FREELIST GROUPS 1 BUFFER_POOL DEFAULT FLASH_CACHE DEFAULT CELL_FLASH_CACHE DEFAULT)
  TABLESPACE "USERS" 
 LOB ("EX_DESC") STORE AS BASICFILE (
  TABLESPACE "USERS" ENABLE STORAGE IN ROW CHUNK 8192 RETENTION 
  NOCACHE LOGGING 
  STORAGE(INITIAL 65536 NEXT 1048576 MINEXTENTS 1 MAXEXTENTS 2147483645
  PCTINCREASE 0 FREELISTS 1 FREELIST GROUPS 1 BUFFER_POOL DEFAULT FLASH_CACHE DEFAULT CELL_FLASH_CACHE DEFAULT)) ;
 

   COMMENT ON COLUMN "MAP"."EXHIBITION"."EXHIBITION_ID" IS '기획전 고유번호';
 
   COMMENT ON COLUMN "MAP"."EXHIBITION"."EX_TITLE" IS '기획전 이름';
 
   COMMENT ON COLUMN "MAP"."EXHIBITION"."EX_DESC" IS '기획전 설명';
 
   COMMENT ON COLUMN "MAP"."EXHIBITION"."EX_IMAGE" IS '기획전 이미지';
 
   COMMENT ON COLUMN "MAP"."EXHIBITION"."EX_ORDER" IS '기획전 순서';
 
   COMMENT ON COLUMN "MAP"."EXHIBITION"."EX_VISIABLE" IS '노출 여부';
 
   COMMENT ON TABLE "MAP"."EXHIBITION"  IS '새 테이블10';
--------------------------------------------------------
--  DDL for Table EXHIBITION_DETAIL
--------------------------------------------------------

  CREATE TABLE "MAP"."EXHIBITION_DETAIL" 
   (	"EXHIBITION_ID" NUMBER, 
	"SHOP_ID" NUMBER, 
	"EXD_ORDER" NUMBER, 
	"EXD_DESC" VARCHAR2(2000 BYTE)
   ) SEGMENT CREATION IMMEDIATE 
  PCTFREE 10 PCTUSED 40 INITRANS 1 MAXTRANS 255 NOCOMPRESS LOGGING
  STORAGE(INITIAL 65536 NEXT 1048576 MINEXTENTS 1 MAXEXTENTS 2147483645
  PCTINCREASE 0 FREELISTS 1 FREELIST GROUPS 1 BUFFER_POOL DEFAULT FLASH_CACHE DEFAULT CELL_FLASH_CACHE DEFAULT)
  TABLESPACE "USERS" ;
 

   COMMENT ON COLUMN "MAP"."EXHIBITION_DETAIL"."EXHIBITION_ID" IS '기획전 고유번호';
 
   COMMENT ON COLUMN "MAP"."EXHIBITION_DETAIL"."SHOP_ID" IS '매장 고유번호';
 
   COMMENT ON COLUMN "MAP"."EXHIBITION_DETAIL"."EXD_ORDER" IS '매장 순서';
 
   COMMENT ON COLUMN "MAP"."EXHIBITION_DETAIL"."EXD_DESC" IS '기획전 코멘트';
 
   COMMENT ON TABLE "MAP"."EXHIBITION_DETAIL"  IS '새 테이블11';
--------------------------------------------------------
--  DDL for Table FOLLOW_CATEGORY
--------------------------------------------------------

  CREATE TABLE "MAP"."FOLLOW_CATEGORY" 
   (	"FOLLOW_CATEGORY_ID" NUMBER, 
	"USER_ID" NUMBER, 
	"CATEGORY_NAME" VARCHAR2(100 BYTE), 
	"CATEGORY_ORDER" NUMBER(10,0)
   ) SEGMENT CREATION IMMEDIATE 
  PCTFREE 10 PCTUSED 40 INITRANS 1 MAXTRANS 255 NOCOMPRESS LOGGING
  STORAGE(INITIAL 65536 NEXT 1048576 MINEXTENTS 1 MAXEXTENTS 2147483645
  PCTINCREASE 0 FREELISTS 1 FREELIST GROUPS 1 BUFFER_POOL DEFAULT FLASH_CACHE DEFAULT CELL_FLASH_CACHE DEFAULT)
  TABLESPACE "USERS" ;
 

   COMMENT ON COLUMN "MAP"."FOLLOW_CATEGORY"."FOLLOW_CATEGORY_ID" IS '즐겨찾기 카테고리 고유번호';
 
   COMMENT ON COLUMN "MAP"."FOLLOW_CATEGORY"."USER_ID" IS '회원 고유번호';
 
   COMMENT ON COLUMN "MAP"."FOLLOW_CATEGORY"."CATEGORY_NAME" IS '카테고리명';
 
   COMMENT ON COLUMN "MAP"."FOLLOW_CATEGORY"."CATEGORY_ORDER" IS '노출 순서';
 
   COMMENT ON TABLE "MAP"."FOLLOW_CATEGORY"  IS '새 테이블3';
--------------------------------------------------------
--  DDL for Table FOLLOW_USER
--------------------------------------------------------

  CREATE TABLE "MAP"."FOLLOW_USER" 
   (	"FOLLOW_USER_ID" NUMBER, 
	"USER_ID" NUMBER, 
	"FOLLOW_CATEGORY_ID" NUMBER, 
	"REG_USER_ID" NUMBER, 
	"ALIAS" VARCHAR2(1000 BYTE), 
	"MEMO" VARCHAR2(1000 BYTE), 
	"REG_DATE" DATE
   ) SEGMENT CREATION IMMEDIATE 
  PCTFREE 10 PCTUSED 40 INITRANS 1 MAXTRANS 255 NOCOMPRESS LOGGING
  STORAGE(INITIAL 65536 NEXT 1048576 MINEXTENTS 1 MAXEXTENTS 2147483645
  PCTINCREASE 0 FREELISTS 1 FREELIST GROUPS 1 BUFFER_POOL DEFAULT FLASH_CACHE DEFAULT CELL_FLASH_CACHE DEFAULT)
  TABLESPACE "USERS" ;
 

   COMMENT ON COLUMN "MAP"."FOLLOW_USER"."FOLLOW_USER_ID" IS '즐겨찾기 회원 고유번호';
 
   COMMENT ON COLUMN "MAP"."FOLLOW_USER"."USER_ID" IS '회원 고유번호';
 
   COMMENT ON COLUMN "MAP"."FOLLOW_USER"."FOLLOW_CATEGORY_ID" IS '즐겨찾기 카테고리 고유번호';
 
   COMMENT ON COLUMN "MAP"."FOLLOW_USER"."REG_USER_ID" IS '즐겨찾기에 등록된 회원 고유번호';
 
   COMMENT ON COLUMN "MAP"."FOLLOW_USER"."ALIAS" IS '별칭';
 
   COMMENT ON COLUMN "MAP"."FOLLOW_USER"."MEMO" IS '메모';
 
   COMMENT ON COLUMN "MAP"."FOLLOW_USER"."REG_DATE" IS '등록일';
 
   COMMENT ON TABLE "MAP"."FOLLOW_USER"  IS '새 테이블4';
--------------------------------------------------------
--  DDL for Table OWNER_CONFIRM
--------------------------------------------------------

  CREATE TABLE "MAP"."OWNER_CONFIRM" 
   (	"USER_ID" NUMBER, 
	"SHOP_ID" NUMBER, 
	"CONFIRM_OK" NUMBER
   ) SEGMENT CREATION IMMEDIATE 
  PCTFREE 10 PCTUSED 40 INITRANS 1 MAXTRANS 255 NOCOMPRESS LOGGING
  STORAGE(INITIAL 65536 NEXT 1048576 MINEXTENTS 1 MAXEXTENTS 2147483645
  PCTINCREASE 0 FREELISTS 1 FREELIST GROUPS 1 BUFFER_POOL DEFAULT FLASH_CACHE DEFAULT CELL_FLASH_CACHE DEFAULT)
  TABLESPACE "USERS" ;
 

   COMMENT ON COLUMN "MAP"."OWNER_CONFIRM"."USER_ID" IS '회원 고유번호';
 
   COMMENT ON COLUMN "MAP"."OWNER_CONFIRM"."SHOP_ID" IS '매장 고유번호';
 
   COMMENT ON COLUMN "MAP"."OWNER_CONFIRM"."CONFIRM_OK" IS '인증 여부';
 
   COMMENT ON TABLE "MAP"."OWNER_CONFIRM"  IS '새 테이블13';
--------------------------------------------------------
--  DDL for Table PORTAL_DATA
--------------------------------------------------------

  CREATE TABLE "MAP"."PORTAL_DATA" 
   (	"PORTAL_ID" NUMBER, 
	"SHOP_ID" NUMBER, 
	"SUBJECT" VARCHAR2(3000 BYTE), 
	"CONTENT" CLOB, 
	"REG_DATE" DATE, 
	"UPDATE_DATE" DATE
   ) SEGMENT CREATION IMMEDIATE 
  PCTFREE 10 PCTUSED 40 INITRANS 1 MAXTRANS 255 NOCOMPRESS LOGGING
  STORAGE(INITIAL 65536 NEXT 1048576 MINEXTENTS 1 MAXEXTENTS 2147483645
  PCTINCREASE 0 FREELISTS 1 FREELIST GROUPS 1 BUFFER_POOL DEFAULT FLASH_CACHE DEFAULT CELL_FLASH_CACHE DEFAULT)
  TABLESPACE "USERS" 
 LOB ("CONTENT") STORE AS BASICFILE (
  TABLESPACE "USERS" ENABLE STORAGE IN ROW CHUNK 8192 RETENTION 
  NOCACHE LOGGING 
  STORAGE(INITIAL 65536 NEXT 1048576 MINEXTENTS 1 MAXEXTENTS 2147483645
  PCTINCREASE 0 FREELISTS 1 FREELIST GROUPS 1 BUFFER_POOL DEFAULT FLASH_CACHE DEFAULT CELL_FLASH_CACHE DEFAULT)) ;
 

   COMMENT ON COLUMN "MAP"."PORTAL_DATA"."PORTAL_ID" IS '포털 고유번호';
 
   COMMENT ON COLUMN "MAP"."PORTAL_DATA"."SHOP_ID" IS '매장 고유번호';
 
   COMMENT ON COLUMN "MAP"."PORTAL_DATA"."SUBJECT" IS '제목';
 
   COMMENT ON COLUMN "MAP"."PORTAL_DATA"."CONTENT" IS '내용';
 
   COMMENT ON COLUMN "MAP"."PORTAL_DATA"."REG_DATE" IS '등록일';
 
   COMMENT ON COLUMN "MAP"."PORTAL_DATA"."UPDATE_DATE" IS '수정일';
 
   COMMENT ON TABLE "MAP"."PORTAL_DATA"  IS '새 테이블7';
--------------------------------------------------------
--  DDL for Table PORTAL_DATA_CHECK
--------------------------------------------------------

  CREATE TABLE "MAP"."PORTAL_DATA_CHECK" 
   (	"PORTAL_ID" NUMBER, 
	"USER_ID" NUMBER, 
	"GOOD" NUMBER(1,0), 
	"BAD" NUMBER(1,0), 
	"LAST_DATE" DATE
   ) SEGMENT CREATION IMMEDIATE 
  PCTFREE 10 PCTUSED 40 INITRANS 1 MAXTRANS 255 NOCOMPRESS LOGGING
  STORAGE(INITIAL 65536 NEXT 1048576 MINEXTENTS 1 MAXEXTENTS 2147483645
  PCTINCREASE 0 FREELISTS 1 FREELIST GROUPS 1 BUFFER_POOL DEFAULT FLASH_CACHE DEFAULT CELL_FLASH_CACHE DEFAULT)
  TABLESPACE "USERS" ;
 

   COMMENT ON COLUMN "MAP"."PORTAL_DATA_CHECK"."PORTAL_ID" IS '포털 고유번호';
 
   COMMENT ON COLUMN "MAP"."PORTAL_DATA_CHECK"."USER_ID" IS '회원번호';
 
   COMMENT ON COLUMN "MAP"."PORTAL_DATA_CHECK"."GOOD" IS '좋아요';
 
   COMMENT ON COLUMN "MAP"."PORTAL_DATA_CHECK"."BAD" IS '싫어요';
 
   COMMENT ON COLUMN "MAP"."PORTAL_DATA_CHECK"."LAST_DATE" IS '등록(입력)일';
 
   COMMENT ON TABLE "MAP"."PORTAL_DATA_CHECK"  IS '새 테이블15';
--------------------------------------------------------
--  DDL for Table REVIEW
--------------------------------------------------------

  CREATE TABLE "MAP"."REVIEW" 
   (	"REVIEW_ID" NUMBER, 
	"SHOP_ID" NUMBER, 
	"USER_ID" NUMBER, 
	"TITLE" VARCHAR2(500 BYTE), 
	"CONTENT" CLOB, 
	"SCORE" NUMBER(10,0), 
	"IMG" VARCHAR2(3000 BYTE), 
	"IS_BLIND" NUMBER(1,0), 
	"REG_DATE" DATE, 
	"UPDATE_DATE" DATE
   ) SEGMENT CREATION IMMEDIATE 
  PCTFREE 10 PCTUSED 40 INITRANS 1 MAXTRANS 255 NOCOMPRESS LOGGING
  STORAGE(INITIAL 65536 NEXT 1048576 MINEXTENTS 1 MAXEXTENTS 2147483645
  PCTINCREASE 0 FREELISTS 1 FREELIST GROUPS 1 BUFFER_POOL DEFAULT FLASH_CACHE DEFAULT CELL_FLASH_CACHE DEFAULT)
  TABLESPACE "USERS" 
 LOB ("CONTENT") STORE AS BASICFILE (
  TABLESPACE "USERS" ENABLE STORAGE IN ROW CHUNK 8192 RETENTION 
  NOCACHE LOGGING 
  STORAGE(INITIAL 65536 NEXT 1048576 MINEXTENTS 1 MAXEXTENTS 2147483645
  PCTINCREASE 0 FREELISTS 1 FREELIST GROUPS 1 BUFFER_POOL DEFAULT FLASH_CACHE DEFAULT CELL_FLASH_CACHE DEFAULT)) ;
 

   COMMENT ON COLUMN "MAP"."REVIEW"."REVIEW_ID" IS '리뷰 고유번호';
 
   COMMENT ON COLUMN "MAP"."REVIEW"."SHOP_ID" IS '매장 고유번호';
 
   COMMENT ON COLUMN "MAP"."REVIEW"."USER_ID" IS '회원 고유번호';
 
   COMMENT ON COLUMN "MAP"."REVIEW"."TITLE" IS '리뷰 제목';
 
   COMMENT ON COLUMN "MAP"."REVIEW"."CONTENT" IS '후기 내용';
 
   COMMENT ON COLUMN "MAP"."REVIEW"."SCORE" IS '점수';
 
   COMMENT ON COLUMN "MAP"."REVIEW"."IMG" IS '대표이미지';
 
   COMMENT ON COLUMN "MAP"."REVIEW"."IS_BLIND" IS '블라인드처리';
 
   COMMENT ON COLUMN "MAP"."REVIEW"."REG_DATE" IS '후기 등록일';
 
   COMMENT ON COLUMN "MAP"."REVIEW"."UPDATE_DATE" IS '수정일';
 
   COMMENT ON TABLE "MAP"."REVIEW"  IS '새 테이블2';
--------------------------------------------------------
--  DDL for Table REVIEW_CHECK
--------------------------------------------------------

  CREATE TABLE "MAP"."REVIEW_CHECK" 
   (	"REVIEW_ID" NUMBER, 
	"SHOP_ID" NUMBER, 
	"USER_ID" NUMBER, 
	"GOOD_OR_NOGOOD" NUMBER(1,0)
   ) SEGMENT CREATION IMMEDIATE 
  PCTFREE 10 PCTUSED 40 INITRANS 1 MAXTRANS 255 NOCOMPRESS LOGGING
  STORAGE(INITIAL 65536 NEXT 1048576 MINEXTENTS 1 MAXEXTENTS 2147483645
  PCTINCREASE 0 FREELISTS 1 FREELIST GROUPS 1 BUFFER_POOL DEFAULT FLASH_CACHE DEFAULT CELL_FLASH_CACHE DEFAULT)
  TABLESPACE "USERS" ;
 

   COMMENT ON COLUMN "MAP"."REVIEW_CHECK"."REVIEW_ID" IS '리뷰 고유번호';
 
   COMMENT ON COLUMN "MAP"."REVIEW_CHECK"."SHOP_ID" IS '매장 고유번호';
 
   COMMENT ON COLUMN "MAP"."REVIEW_CHECK"."USER_ID" IS '회원 고유번호';
 
   COMMENT ON COLUMN "MAP"."REVIEW_CHECK"."GOOD_OR_NOGOOD" IS '좋아요/싫어요';
 
   COMMENT ON TABLE "MAP"."REVIEW_CHECK"  IS '새 테이블8';
--------------------------------------------------------
--  DDL for Table REVIEW_COMMENT
--------------------------------------------------------

  CREATE TABLE "MAP"."REVIEW_COMMENT" 
   (	"REVIEW_COMMENT_ID" NUMBER, 
	"REVIEW_ID" NUMBER, 
	"USER_ID" NUMBER, 
	"REVIEW_CONTENT" CLOB
   ) SEGMENT CREATION IMMEDIATE 
  PCTFREE 10 PCTUSED 40 INITRANS 1 MAXTRANS 255 NOCOMPRESS LOGGING
  STORAGE(INITIAL 65536 NEXT 1048576 MINEXTENTS 1 MAXEXTENTS 2147483645
  PCTINCREASE 0 FREELISTS 1 FREELIST GROUPS 1 BUFFER_POOL DEFAULT FLASH_CACHE DEFAULT CELL_FLASH_CACHE DEFAULT)
  TABLESPACE "USERS" 
 LOB ("REVIEW_CONTENT") STORE AS BASICFILE (
  TABLESPACE "USERS" ENABLE STORAGE IN ROW CHUNK 8192 RETENTION 
  NOCACHE LOGGING 
  STORAGE(INITIAL 65536 NEXT 1048576 MINEXTENTS 1 MAXEXTENTS 2147483645
  PCTINCREASE 0 FREELISTS 1 FREELIST GROUPS 1 BUFFER_POOL DEFAULT FLASH_CACHE DEFAULT CELL_FLASH_CACHE DEFAULT)) ;
 

   COMMENT ON COLUMN "MAP"."REVIEW_COMMENT"."REVIEW_COMMENT_ID" IS '리뷰 댓글 고유번호';
 
   COMMENT ON COLUMN "MAP"."REVIEW_COMMENT"."REVIEW_ID" IS '리뷰 고유번호';
 
   COMMENT ON COLUMN "MAP"."REVIEW_COMMENT"."USER_ID" IS '새 컬럼3';
 
   COMMENT ON COLUMN "MAP"."REVIEW_COMMENT"."REVIEW_CONTENT" IS '리뷰 댓글 내용';
 
   COMMENT ON TABLE "MAP"."REVIEW_COMMENT"  IS '새 테이블5';
--------------------------------------------------------
--  DDL for Table REVIEW_GOOD_BAD
--------------------------------------------------------

  CREATE TABLE "MAP"."REVIEW_GOOD_BAD" 
   (	"REVIEW_ID" NUMBER, 
	"USER_ID" NUMBER, 
	"GOOD" NUMBER(1,0), 
	"BAD" NUMBER(1,0)
   ) SEGMENT CREATION IMMEDIATE 
  PCTFREE 10 PCTUSED 40 INITRANS 1 MAXTRANS 255 NOCOMPRESS LOGGING
  STORAGE(INITIAL 65536 NEXT 1048576 MINEXTENTS 1 MAXEXTENTS 2147483645
  PCTINCREASE 0 FREELISTS 1 FREELIST GROUPS 1 BUFFER_POOL DEFAULT FLASH_CACHE DEFAULT CELL_FLASH_CACHE DEFAULT)
  TABLESPACE "USERS" ;
 

   COMMENT ON COLUMN "MAP"."REVIEW_GOOD_BAD"."REVIEW_ID" IS '리뷰 고유번호';
 
   COMMENT ON COLUMN "MAP"."REVIEW_GOOD_BAD"."USER_ID" IS '회원 고유번호';
 
   COMMENT ON COLUMN "MAP"."REVIEW_GOOD_BAD"."GOOD" IS '좋아요';
 
   COMMENT ON COLUMN "MAP"."REVIEW_GOOD_BAD"."BAD" IS '싫어요';
 
   COMMENT ON TABLE "MAP"."REVIEW_GOOD_BAD"  IS '새 테이블8';
--------------------------------------------------------
--  DDL for Table REVIEW_IMG
--------------------------------------------------------

  CREATE TABLE "MAP"."REVIEW_IMG" 
   (	"REVIEW_ID" NUMBER, 
	"IMG" VARCHAR2(3000 BYTE), 
	"IS_MAIN_IMAGE" NUMBER(1,0)
   ) SEGMENT CREATION IMMEDIATE 
  PCTFREE 10 PCTUSED 40 INITRANS 1 MAXTRANS 255 NOCOMPRESS LOGGING
  STORAGE(INITIAL 65536 NEXT 1048576 MINEXTENTS 1 MAXEXTENTS 2147483645
  PCTINCREASE 0 FREELISTS 1 FREELIST GROUPS 1 BUFFER_POOL DEFAULT FLASH_CACHE DEFAULT CELL_FLASH_CACHE DEFAULT)
  TABLESPACE "USERS" ;
 

   COMMENT ON COLUMN "MAP"."REVIEW_IMG"."REVIEW_ID" IS '리뷰 고유번호';
 
   COMMENT ON COLUMN "MAP"."REVIEW_IMG"."IMG" IS '후기 이미지';
 
   COMMENT ON COLUMN "MAP"."REVIEW_IMG"."IS_MAIN_IMAGE" IS '대표이미지여부';
 
   COMMENT ON TABLE "MAP"."REVIEW_IMG"  IS '새 테이블14';
--------------------------------------------------------
--  DDL for Table SHOP
--------------------------------------------------------

  CREATE TABLE "MAP"."SHOP" 
   (	"SHOP_ID" NUMBER, 
	"CATEGORY_ID" NUMBER, 
	"TITLE" VARCHAR2(1000 BYTE), 
	"LAT" NUMBER, 
	"LNG" NUMBER, 
	"OWNER_ID" NUMBER, 
	"IMG" VARCHAR2(3000 BYTE), 
	"RESERVE_URL" VARCHAR2(4000 BYTE), 
	"ADDRESS" VARCHAR2(1000 BYTE), 
	"TEL" VARCHAR2(30 BYTE), 
	"BUSINESS_TIME" VARCHAR2(100 BYTE), 
	"DETAIL" VARCHAR2(2000 BYTE)
   ) SEGMENT CREATION IMMEDIATE 
  PCTFREE 10 PCTUSED 40 INITRANS 1 MAXTRANS 255 NOCOMPRESS LOGGING
  STORAGE(INITIAL 65536 NEXT 1048576 MINEXTENTS 1 MAXEXTENTS 2147483645
  PCTINCREASE 0 FREELISTS 1 FREELIST GROUPS 1 BUFFER_POOL DEFAULT FLASH_CACHE DEFAULT CELL_FLASH_CACHE DEFAULT)
  TABLESPACE "USERS" ;
--------------------------------------------------------
--  DDL for Table SHOP_CATEGORY
--------------------------------------------------------

  CREATE TABLE "MAP"."SHOP_CATEGORY" 
   (	"CATEGORY_ID" NUMBER, 
	"CATEGORY_TITLE" VARCHAR2(100 BYTE), 
	"CATEGORY_ORDER" NUMBER(3,0)
   ) SEGMENT CREATION IMMEDIATE 
  PCTFREE 10 PCTUSED 40 INITRANS 1 MAXTRANS 255 NOCOMPRESS LOGGING
  STORAGE(INITIAL 65536 NEXT 1048576 MINEXTENTS 1 MAXEXTENTS 2147483645
  PCTINCREASE 0 FREELISTS 1 FREELIST GROUPS 1 BUFFER_POOL DEFAULT FLASH_CACHE DEFAULT CELL_FLASH_CACHE DEFAULT)
  TABLESPACE "USERS" ;
 

   COMMENT ON COLUMN "MAP"."SHOP_CATEGORY"."CATEGORY_ID" IS '메뉴 고유번호';
 
   COMMENT ON COLUMN "MAP"."SHOP_CATEGORY"."CATEGORY_TITLE" IS '메뉴명(한식,중식)';
 
   COMMENT ON COLUMN "MAP"."SHOP_CATEGORY"."CATEGORY_ORDER" IS '메뉴 순서';
 
   COMMENT ON TABLE "MAP"."SHOP_CATEGORY"  IS '새 테이블9';
--------------------------------------------------------
--  DDL for Table USERS
--------------------------------------------------------

  CREATE TABLE "MAP"."USERS" 
   (	"USER_ID" NUMBER, 
	"EMAIL" VARCHAR2(100 BYTE), 
	"PASSWORD" VARCHAR2(300 BYTE), 
	"TYPE" NUMBER(3,0), 
	"GENDER" NUMBER, 
	"AGE" NUMBER, 
	"STATUS_MSG" VARCHAR2(1000 BYTE), 
	"REG_DATE" DATE, 
	"REG_IP" VARCHAR2(20 BYTE), 
	"UPDATE_DATE" DATE
   ) SEGMENT CREATION IMMEDIATE 
  PCTFREE 10 PCTUSED 40 INITRANS 1 MAXTRANS 255 NOCOMPRESS LOGGING
  STORAGE(INITIAL 65536 NEXT 1048576 MINEXTENTS 1 MAXEXTENTS 2147483645
  PCTINCREASE 0 FREELISTS 1 FREELIST GROUPS 1 BUFFER_POOL DEFAULT FLASH_CACHE DEFAULT CELL_FLASH_CACHE DEFAULT)
  TABLESPACE "USERS" ;
 

   COMMENT ON COLUMN "MAP"."USERS"."USER_ID" IS '회원 고유번호';
 
   COMMENT ON COLUMN "MAP"."USERS"."EMAIL" IS '이메일 아이디';
 
   COMMENT ON COLUMN "MAP"."USERS"."PASSWORD" IS '비밀번호';
 
   COMMENT ON COLUMN "MAP"."USERS"."TYPE" IS '회원타입';
 
   COMMENT ON COLUMN "MAP"."USERS"."GENDER" IS '성별';
 
   COMMENT ON COLUMN "MAP"."USERS"."AGE" IS '나이';
 
   COMMENT ON COLUMN "MAP"."USERS"."STATUS_MSG" IS '상태메세지';
 
   COMMENT ON COLUMN "MAP"."USERS"."REG_DATE" IS '등록일';
 
   COMMENT ON COLUMN "MAP"."USERS"."REG_IP" IS '등록 아이피';
 
   COMMENT ON COLUMN "MAP"."USERS"."UPDATE_DATE" IS '수정일';
 
   COMMENT ON TABLE "MAP"."USERS"  IS 'users';
--------------------------------------------------------
--  DDL for Table USER_SNS
--------------------------------------------------------

  CREATE TABLE "MAP"."USER_SNS" 
   (	"USER_ID" NUMBER, 
	"SNS_ID" VARCHAR2(15 BYTE), 
	"SNS" VARCHAR2(30 BYTE)
   ) SEGMENT CREATION IMMEDIATE 
  PCTFREE 10 PCTUSED 40 INITRANS 1 MAXTRANS 255 NOCOMPRESS LOGGING
  STORAGE(INITIAL 65536 NEXT 1048576 MINEXTENTS 1 MAXEXTENTS 2147483645
  PCTINCREASE 0 FREELISTS 1 FREELIST GROUPS 1 BUFFER_POOL DEFAULT FLASH_CACHE DEFAULT CELL_FLASH_CACHE DEFAULT)
  TABLESPACE "USERS" ;
 

   COMMENT ON COLUMN "MAP"."USER_SNS"."USER_ID" IS '회원 고유번호';
 
   COMMENT ON COLUMN "MAP"."USER_SNS"."SNS_ID" IS 'SNS ID';
 
   COMMENT ON COLUMN "MAP"."USER_SNS"."SNS" IS 'SNS TYPE';
 
   COMMENT ON TABLE "MAP"."USER_SNS"  IS '새 테이블6';
--------------------------------------------------------
--  DDL for Sequence SEQ_EXHIBITION_ID
--------------------------------------------------------

   CREATE SEQUENCE  "MAP"."SEQ_EXHIBITION_ID"  MINVALUE 1 MAXVALUE 9999999999999999999999999999 INCREMENT BY 1 START WITH 140 CACHE 20 NOORDER  NOCYCLE ;
--------------------------------------------------------
--  DDL for Sequence SEQ_FOLLOW_CATEGORY_ID
--------------------------------------------------------

   CREATE SEQUENCE  "MAP"."SEQ_FOLLOW_CATEGORY_ID"  MINVALUE 1 MAXVALUE 9999999999999999999999999999 INCREMENT BY 1 START WITH 160 CACHE 20 NOORDER  NOCYCLE ;
--------------------------------------------------------
--  DDL for Sequence SEQ_FOLLOW_USER_ID
--------------------------------------------------------

   CREATE SEQUENCE  "MAP"."SEQ_FOLLOW_USER_ID"  MINVALUE 1 MAXVALUE 9999999999999999999999999999 INCREMENT BY 1 START WITH 160 CACHE 20 NOORDER  NOCYCLE ;
--------------------------------------------------------
--  DDL for Sequence SEQ_PORTAL_DATA_ID
--------------------------------------------------------

   CREATE SEQUENCE  "MAP"."SEQ_PORTAL_DATA_ID"  MINVALUE 1 MAXVALUE 9999999999999999999999999999 INCREMENT BY 1 START WITH 100 CACHE 20 NOORDER  NOCYCLE ;
--------------------------------------------------------
--  DDL for Sequence SEQ_REVIEW_COMMENT_ID
--------------------------------------------------------

   CREATE SEQUENCE  "MAP"."SEQ_REVIEW_COMMENT_ID"  MINVALUE 1 MAXVALUE 9999999999999999999999999999 INCREMENT BY 1 START WITH 120 CACHE 20 NOORDER  NOCYCLE ;
--------------------------------------------------------
--  DDL for Sequence SEQ_REVIEW_ID
--------------------------------------------------------

   CREATE SEQUENCE  "MAP"."SEQ_REVIEW_ID"  MINVALUE 1 MAXVALUE 9999999999999999999999999999 INCREMENT BY 1 START WITH 180 CACHE 20 NOORDER  NOCYCLE ;
--------------------------------------------------------
--  DDL for Sequence SEQ_SHOP_CATEGORY_ID
--------------------------------------------------------

   CREATE SEQUENCE  "MAP"."SEQ_SHOP_CATEGORY_ID"  MINVALUE 1 MAXVALUE 9999999999999999999999999999 INCREMENT BY 1 START WITH 100 CACHE 20 NOORDER  NOCYCLE ;
--------------------------------------------------------
--  DDL for Sequence SEQ_SHOP_ID
--------------------------------------------------------

   CREATE SEQUENCE  "MAP"."SEQ_SHOP_ID"  MINVALUE 1 MAXVALUE 9999999999999999999999999999 INCREMENT BY 1 START WITH 140 CACHE 20 NOORDER  NOCYCLE ;
--------------------------------------------------------
--  DDL for Sequence SEQ_USERS_ID
--------------------------------------------------------

   CREATE SEQUENCE  "MAP"."SEQ_USERS_ID"  MINVALUE 1 MAXVALUE 9999999999999999999999999999 INCREMENT BY 1 START WITH 120 CACHE 20 NOORDER  NOCYCLE ;
REM INSERTING into MAP.EXHIBITION
SET DEFINE OFF;
Insert into MAP.EXHIBITION (EXHIBITION_ID,EX_TITLE,EX_IMAGE,EX_ORDER,EX_VISIABLE) values (1,'오늘 데이트는 바로 이곳','41.jpg',1,1);
Insert into MAP.EXHIBITION (EXHIBITION_ID,EX_TITLE,EX_IMAGE,EX_ORDER,EX_VISIABLE) values (2,'한국사람은 밥심!','17.jpg',2,1);
Insert into MAP.EXHIBITION (EXHIBITION_ID,EX_TITLE,EX_IMAGE,EX_ORDER,EX_VISIABLE) values (3,'고기는 언제나 옳죠 그쵸','13.jpg',3,1);
Insert into MAP.EXHIBITION (EXHIBITION_ID,EX_TITLE,EX_IMAGE,EX_ORDER,EX_VISIABLE) values (4,'오늘 점심은 뭐먹지 고민고민하지마','11.jpg',4,0);
REM INSERTING into MAP.EXHIBITION_DETAIL
SET DEFINE OFF;
Insert into MAP.EXHIBITION_DETAIL (EXHIBITION_ID,SHOP_ID,EXD_ORDER,EXD_DESC) values (2,14,1,'상견례 장소 1위로 꼽힐만큼 고급진 분위기. 맛도 그만큼 고급지다는거~ 궁금하면?먹어보기!');
Insert into MAP.EXHIBITION_DETAIL (EXHIBITION_ID,SHOP_ID,EXD_ORDER,EXD_DESC) values (2,16,2,'장어덮밥으로 유명한 한정식집. 부드럽게 입에서 살살 녹아내리는 장어를 마음껏 맛 볼 수 있다.');
Insert into MAP.EXHIBITION_DETAIL (EXHIBITION_ID,SHOP_ID,EXD_ORDER,EXD_DESC) values (2,17,3,'소박하고 정갈한 한정식을 맛보고 싶다면 바로 이곳으로. 어머니의 손맛을 느낄 수 있다.');
Insert into MAP.EXHIBITION_DETAIL (EXHIBITION_ID,SHOP_ID,EXD_ORDER,EXD_DESC) values (2,20,4,'두껍게 썰린 부드러운 보쌈과 매콤하고 아삭한 무김치의 환상적인 조합은? 두말할 필요 없죠!');
Insert into MAP.EXHIBITION_DETAIL (EXHIBITION_ID,SHOP_ID,EXD_ORDER,EXD_DESC) values (2,15,5,'화학조미료를 쓰지 않은 담백한 맛의 경회루. 대표매뉴는 날치알이 듬뿍 들어간 대하찜');
Insert into MAP.EXHIBITION_DETAIL (EXHIBITION_ID,SHOP_ID,EXD_ORDER,EXD_DESC) values (2,19,6,null);
Insert into MAP.EXHIBITION_DETAIL (EXHIBITION_ID,SHOP_ID,EXD_ORDER,EXD_DESC) values (2,20,7,null);
Insert into MAP.EXHIBITION_DETAIL (EXHIBITION_ID,SHOP_ID,EXD_ORDER,EXD_DESC) values (2,18,8,'ㅁㅁ');
Insert into MAP.EXHIBITION_DETAIL (EXHIBITION_ID,SHOP_ID,EXD_ORDER,EXD_DESC) values (3,13,1,null);
Insert into MAP.EXHIBITION_DETAIL (EXHIBITION_ID,SHOP_ID,EXD_ORDER,EXD_DESC) values (3,12,2,'ㄴㄴ');
Insert into MAP.EXHIBITION_DETAIL (EXHIBITION_ID,SHOP_ID,EXD_ORDER,EXD_DESC) values (1,36,1,'일본에서 선풍적 인기를 끄는 도쿄스테이크 드디어 한국 상륙! 일본풍 스테이크를 서울에서 맛볼 수 있습니다.');
Insert into MAP.EXHIBITION_DETAIL (EXHIBITION_ID,SHOP_ID,EXD_ORDER,EXD_DESC) values (1,37,2,'스테이크가 유명한 보나베띠. 입에서 춤을춘다는 그 맛 ! 한번 먹어보면 잊지 못할걸? 구로지밸리 2층에 위치.');
Insert into MAP.EXHIBITION_DETAIL (EXHIBITION_ID,SHOP_ID,EXD_ORDER,EXD_DESC) values (1,39,3,'마늘을 주재료로 사용해서 마늘향이 그윽하게 나는 파스타와 스테이크. 마늘을 싫어해도 빠져드는 맛.');
Insert into MAP.EXHIBITION_DETAIL (EXHIBITION_ID,SHOP_ID,EXD_ORDER,EXD_DESC) values (1,40,4,'합리적인 가격에 파스타와 스테이크를 즐길 수 있는 어글리스토브. 가격은 저렴하지만 맛은 고급지다는거~');
Insert into MAP.EXHIBITION_DETAIL (EXHIBITION_ID,SHOP_ID,EXD_ORDER,EXD_DESC) values (1,41,5,'이대생이라면 누구나 아는 팬브레드. 합리적인 가격에 여대생들의 마음을 사로잡은 그 맛! 이대 필수 코스!');
Insert into MAP.EXHIBITION_DETAIL (EXHIBITION_ID,SHOP_ID,EXD_ORDER,EXD_DESC) values (1,25,6,'스시 장인인 박용석 장인이 자신의 이름을 걸고 만든 가게. 그 이름값을 증명하듯 입에서 살살 녹는 초밥');
Insert into MAP.EXHIBITION_DETAIL (EXHIBITION_ID,SHOP_ID,EXD_ORDER,EXD_DESC) values (1,26,7,'평범한 초밥을 거부하는 스시빈! 눈으로 한번 입으로 두번 먹는다는 그 유명한 초밥집. 이유는 먹어보면 알 걸?');
Insert into MAP.EXHIBITION_DETAIL (EXHIBITION_ID,SHOP_ID,EXD_ORDER,EXD_DESC) values (1,27,8,'두껍~게 썰린 연어를 보면 내마음도 연어처럼 팔딱팔딱해진다는 전설의 연어 전문점.');
Insert into MAP.EXHIBITION_DETAIL (EXHIBITION_ID,SHOP_ID,EXD_ORDER,EXD_DESC) values (3,1,3,'매번 메뉴 선택이 어려운 당신. 여기서는 그럴 필요가 없어요. 왜냐하면 모든 부위를 한 상에 주기 때문이죠!');
Insert into MAP.EXHIBITION_DETAIL (EXHIBITION_ID,SHOP_ID,EXD_ORDER,EXD_DESC) values (3,8,4,null);
Insert into MAP.EXHIBITION_DETAIL (EXHIBITION_ID,SHOP_ID,EXD_ORDER,EXD_DESC) values (3,7,5,'매콤한 것도, 고기도 먹고싶다면? 바로 여기! 매콤한 국물에 고기를 부드럽게 쪄낸 매콤갈비찜 대령이요!');
Insert into MAP.EXHIBITION_DETAIL (EXHIBITION_ID,SHOP_ID,EXD_ORDER,EXD_DESC) values (3,9,6,null);
Insert into MAP.EXHIBITION_DETAIL (EXHIBITION_ID,SHOP_ID,EXD_ORDER,EXD_DESC) values (3,4,7,'더이상 고기굽는 귀찮음은 NO! 친절한 직원들이 구워서 잘라주는 고기를 맛있게 먹기만 하면 된다.');
Insert into MAP.EXHIBITION_DETAIL (EXHIBITION_ID,SHOP_ID,EXD_ORDER,EXD_DESC) values (3,5,8,'고기만 먹으면 섭섭하지. 고기와 환상 궁합인 냉면을 쌈싸서 먹으면 세상에 이보다 좋은게 어디 있으랴.');
Insert into MAP.EXHIBITION_DETAIL (EXHIBITION_ID,SHOP_ID,EXD_ORDER,EXD_DESC) values (0,1,8,'dsd');
Insert into MAP.EXHIBITION_DETAIL (EXHIBITION_ID,SHOP_ID,EXD_ORDER,EXD_DESC) values (0,2,8,'dsd');
REM INSERTING into MAP.FOLLOW_CATEGORY
SET DEFINE OFF;
Insert into MAP.FOLLOW_CATEGORY (FOLLOW_CATEGORY_ID,USER_ID,CATEGORY_NAME,CATEGORY_ORDER) values (140,4,'믿을만한 사람들',1);
Insert into MAP.FOLLOW_CATEGORY (FOLLOW_CATEGORY_ID,USER_ID,CATEGORY_NAME,CATEGORY_ORDER) values (141,4,'부산친구들',4);
Insert into MAP.FOLLOW_CATEGORY (FOLLOW_CATEGORY_ID,USER_ID,CATEGORY_NAME,CATEGORY_ORDER) values (142,4,'대학동기들',3);
Insert into MAP.FOLLOW_CATEGORY (FOLLOW_CATEGORY_ID,USER_ID,CATEGORY_NAME,CATEGORY_ORDER) values (143,4,'부ㄹ친구',2);
Insert into MAP.FOLLOW_CATEGORY (FOLLOW_CATEGORY_ID,USER_ID,CATEGORY_NAME,CATEGORY_ORDER) values (116,101,'친구',2);
Insert into MAP.FOLLOW_CATEGORY (FOLLOW_CATEGORY_ID,USER_ID,CATEGORY_NAME,CATEGORY_ORDER) values (117,101,'가족',1);
Insert into MAP.FOLLOW_CATEGORY (FOLLOW_CATEGORY_ID,USER_ID,CATEGORY_NAME,CATEGORY_ORDER) values (121,101,'동기',3);
Insert into MAP.FOLLOW_CATEGORY (FOLLOW_CATEGORY_ID,USER_ID,CATEGORY_NAME,CATEGORY_ORDER) values (100,1,'친구',1);
Insert into MAP.FOLLOW_CATEGORY (FOLLOW_CATEGORY_ID,USER_ID,CATEGORY_NAME,CATEGORY_ORDER) values (101,1,'가족',2);
Insert into MAP.FOLLOW_CATEGORY (FOLLOW_CATEGORY_ID,USER_ID,CATEGORY_NAME,CATEGORY_ORDER) values (104,51,'친구',2);
Insert into MAP.FOLLOW_CATEGORY (FOLLOW_CATEGORY_ID,USER_ID,CATEGORY_NAME,CATEGORY_ORDER) values (102,1,'지인',3);
Insert into MAP.FOLLOW_CATEGORY (FOLLOW_CATEGORY_ID,USER_ID,CATEGORY_NAME,CATEGORY_ORDER) values (105,51,'가족',3);
Insert into MAP.FOLLOW_CATEGORY (FOLLOW_CATEGORY_ID,USER_ID,CATEGORY_NAME,CATEGORY_ORDER) values (106,51,'키트리!!!',1);
REM INSERTING into MAP.FOLLOW_USER
SET DEFINE OFF;
Insert into MAP.FOLLOW_USER (FOLLOW_USER_ID,USER_ID,FOLLOW_CATEGORY_ID,REG_USER_ID,ALIAS,MEMO,REG_DATE) values (145,4,140,1,null,null,to_date('17/07/15','RR/MM/DD'));
Insert into MAP.FOLLOW_USER (FOLLOW_USER_ID,USER_ID,FOLLOW_CATEGORY_ID,REG_USER_ID,ALIAS,MEMO,REG_DATE) values (119,101,121,11,null,null,to_date('17/07/10','RR/MM/DD'));
Insert into MAP.FOLLOW_USER (FOLLOW_USER_ID,USER_ID,FOLLOW_CATEGORY_ID,REG_USER_ID,ALIAS,MEMO,REG_DATE) values (104,101,117,3,null,null,to_date('17/07/10','RR/MM/DD'));
Insert into MAP.FOLLOW_USER (FOLLOW_USER_ID,USER_ID,FOLLOW_CATEGORY_ID,REG_USER_ID,ALIAS,MEMO,REG_DATE) values (117,101,121,13,null,null,to_date('17/07/10','RR/MM/DD'));
Insert into MAP.FOLLOW_USER (FOLLOW_USER_ID,USER_ID,FOLLOW_CATEGORY_ID,REG_USER_ID,ALIAS,MEMO,REG_DATE) values (106,101,116,5,null,null,to_date('17/07/10','RR/MM/DD'));
Insert into MAP.FOLLOW_USER (FOLLOW_USER_ID,USER_ID,FOLLOW_CATEGORY_ID,REG_USER_ID,ALIAS,MEMO,REG_DATE) values (118,101,116,10,null,null,to_date('17/07/10','RR/MM/DD'));
Insert into MAP.FOLLOW_USER (FOLLOW_USER_ID,USER_ID,FOLLOW_CATEGORY_ID,REG_USER_ID,ALIAS,MEMO,REG_DATE) values (120,101,121,2,null,null,to_date('17/07/10','RR/MM/DD'));
Insert into MAP.FOLLOW_USER (FOLLOW_USER_ID,USER_ID,FOLLOW_CATEGORY_ID,REG_USER_ID,ALIAS,MEMO,REG_DATE) values (110,101,121,102,null,null,to_date('17/07/10','RR/MM/DD'));
Insert into MAP.FOLLOW_USER (FOLLOW_USER_ID,USER_ID,FOLLOW_CATEGORY_ID,REG_USER_ID,ALIAS,MEMO,REG_DATE) values (121,101,121,7,null,null,to_date('17/07/10','RR/MM/DD'));
Insert into MAP.FOLLOW_USER (FOLLOW_USER_ID,USER_ID,FOLLOW_CATEGORY_ID,REG_USER_ID,ALIAS,MEMO,REG_DATE) values (122,101,121,9,null,null,to_date('17/07/10','RR/MM/DD'));
Insert into MAP.FOLLOW_USER (FOLLOW_USER_ID,USER_ID,FOLLOW_CATEGORY_ID,REG_USER_ID,ALIAS,MEMO,REG_DATE) values (113,101,121,12,null,null,to_date('17/07/10','RR/MM/DD'));
Insert into MAP.FOLLOW_USER (FOLLOW_USER_ID,USER_ID,FOLLOW_CATEGORY_ID,REG_USER_ID,ALIAS,MEMO,REG_DATE) values (114,101,117,4,'별명','메모',to_date('17/07/10','RR/MM/DD'));
Insert into MAP.FOLLOW_USER (FOLLOW_USER_ID,USER_ID,FOLLOW_CATEGORY_ID,REG_USER_ID,ALIAS,MEMO,REG_DATE) values (115,101,117,100,'박수진','구로디지털사는사람',to_date('17/07/10','RR/MM/DD'));
Insert into MAP.FOLLOW_USER (FOLLOW_USER_ID,USER_ID,FOLLOW_CATEGORY_ID,REG_USER_ID,ALIAS,MEMO,REG_DATE) values (116,101,116,8,null,null,to_date('17/07/10','RR/MM/DD'));
Insert into MAP.FOLLOW_USER (FOLLOW_USER_ID,USER_ID,FOLLOW_CATEGORY_ID,REG_USER_ID,ALIAS,MEMO,REG_DATE) values (140,51,0,44,null,null,to_date('17/07/15','RR/MM/DD'));
Insert into MAP.FOLLOW_USER (FOLLOW_USER_ID,USER_ID,FOLLOW_CATEGORY_ID,REG_USER_ID,ALIAS,MEMO,REG_DATE) values (141,51,0,41,null,null,to_date('17/07/15','RR/MM/DD'));
Insert into MAP.FOLLOW_USER (FOLLOW_USER_ID,USER_ID,FOLLOW_CATEGORY_ID,REG_USER_ID,ALIAS,MEMO,REG_DATE) values (142,51,0,54,null,null,to_date('17/07/15','RR/MM/DD'));
Insert into MAP.FOLLOW_USER (FOLLOW_USER_ID,USER_ID,FOLLOW_CATEGORY_ID,REG_USER_ID,ALIAS,MEMO,REG_DATE) values (143,51,0,70,null,null,to_date('17/07/15','RR/MM/DD'));
Insert into MAP.FOLLOW_USER (FOLLOW_USER_ID,USER_ID,FOLLOW_CATEGORY_ID,REG_USER_ID,ALIAS,MEMO,REG_DATE) values (144,51,0,102,null,null,to_date('17/07/15','RR/MM/DD'));
Insert into MAP.FOLLOW_USER (FOLLOW_USER_ID,USER_ID,FOLLOW_CATEGORY_ID,REG_USER_ID,ALIAS,MEMO,REG_DATE) values (148,3,0,44,null,null,to_date('17/07/15','RR/MM/DD'));
Insert into MAP.FOLLOW_USER (FOLLOW_USER_ID,USER_ID,FOLLOW_CATEGORY_ID,REG_USER_ID,ALIAS,MEMO,REG_DATE) values (4,15,1,55,null,null,to_date('17/06/08','RR/MM/DD'));
Insert into MAP.FOLLOW_USER (FOLLOW_USER_ID,USER_ID,FOLLOW_CATEGORY_ID,REG_USER_ID,ALIAS,MEMO,REG_DATE) values (146,9,0,41,'수지니어스','조장님',to_date('17/07/15','RR/MM/DD'));
Insert into MAP.FOLLOW_USER (FOLLOW_USER_ID,USER_ID,FOLLOW_CATEGORY_ID,REG_USER_ID,ALIAS,MEMO,REG_DATE) values (147,9,0,12,'양호치','양호미니',to_date('17/07/15','RR/MM/DD'));
REM INSERTING into MAP.OWNER_CONFIRM
SET DEFINE OFF;
Insert into MAP.OWNER_CONFIRM (USER_ID,SHOP_ID,CONFIRM_OK) values (1,1,2);
Insert into MAP.OWNER_CONFIRM (USER_ID,SHOP_ID,CONFIRM_OK) values (2,2,2);
Insert into MAP.OWNER_CONFIRM (USER_ID,SHOP_ID,CONFIRM_OK) values (3,3,2);
Insert into MAP.OWNER_CONFIRM (USER_ID,SHOP_ID,CONFIRM_OK) values (4,4,2);
Insert into MAP.OWNER_CONFIRM (USER_ID,SHOP_ID,CONFIRM_OK) values (5,5,2);
Insert into MAP.OWNER_CONFIRM (USER_ID,SHOP_ID,CONFIRM_OK) values (6,6,2);
Insert into MAP.OWNER_CONFIRM (USER_ID,SHOP_ID,CONFIRM_OK) values (7,7,2);
Insert into MAP.OWNER_CONFIRM (USER_ID,SHOP_ID,CONFIRM_OK) values (8,8,2);
Insert into MAP.OWNER_CONFIRM (USER_ID,SHOP_ID,CONFIRM_OK) values (9,9,2);
Insert into MAP.OWNER_CONFIRM (USER_ID,SHOP_ID,CONFIRM_OK) values (10,10,2);
Insert into MAP.OWNER_CONFIRM (USER_ID,SHOP_ID,CONFIRM_OK) values (11,11,2);
Insert into MAP.OWNER_CONFIRM (USER_ID,SHOP_ID,CONFIRM_OK) values (12,12,2);
Insert into MAP.OWNER_CONFIRM (USER_ID,SHOP_ID,CONFIRM_OK) values (13,13,2);
Insert into MAP.OWNER_CONFIRM (USER_ID,SHOP_ID,CONFIRM_OK) values (14,14,2);
Insert into MAP.OWNER_CONFIRM (USER_ID,SHOP_ID,CONFIRM_OK) values (15,15,2);
Insert into MAP.OWNER_CONFIRM (USER_ID,SHOP_ID,CONFIRM_OK) values (16,16,2);
Insert into MAP.OWNER_CONFIRM (USER_ID,SHOP_ID,CONFIRM_OK) values (17,17,2);
Insert into MAP.OWNER_CONFIRM (USER_ID,SHOP_ID,CONFIRM_OK) values (18,18,2);
Insert into MAP.OWNER_CONFIRM (USER_ID,SHOP_ID,CONFIRM_OK) values (19,19,2);
Insert into MAP.OWNER_CONFIRM (USER_ID,SHOP_ID,CONFIRM_OK) values (20,20,2);
Insert into MAP.OWNER_CONFIRM (USER_ID,SHOP_ID,CONFIRM_OK) values (21,21,2);
Insert into MAP.OWNER_CONFIRM (USER_ID,SHOP_ID,CONFIRM_OK) values (22,22,2);
Insert into MAP.OWNER_CONFIRM (USER_ID,SHOP_ID,CONFIRM_OK) values (23,23,2);
Insert into MAP.OWNER_CONFIRM (USER_ID,SHOP_ID,CONFIRM_OK) values (24,24,2);
Insert into MAP.OWNER_CONFIRM (USER_ID,SHOP_ID,CONFIRM_OK) values (25,25,2);
Insert into MAP.OWNER_CONFIRM (USER_ID,SHOP_ID,CONFIRM_OK) values (26,26,2);
Insert into MAP.OWNER_CONFIRM (USER_ID,SHOP_ID,CONFIRM_OK) values (72,27,2);
Insert into MAP.OWNER_CONFIRM (USER_ID,SHOP_ID,CONFIRM_OK) values (28,28,2);
Insert into MAP.OWNER_CONFIRM (USER_ID,SHOP_ID,CONFIRM_OK) values (29,29,2);
Insert into MAP.OWNER_CONFIRM (USER_ID,SHOP_ID,CONFIRM_OK) values (30,30,2);
Insert into MAP.OWNER_CONFIRM (USER_ID,SHOP_ID,CONFIRM_OK) values (31,31,2);
Insert into MAP.OWNER_CONFIRM (USER_ID,SHOP_ID,CONFIRM_OK) values (32,32,2);
Insert into MAP.OWNER_CONFIRM (USER_ID,SHOP_ID,CONFIRM_OK) values (33,33,2);
Insert into MAP.OWNER_CONFIRM (USER_ID,SHOP_ID,CONFIRM_OK) values (34,34,2);
Insert into MAP.OWNER_CONFIRM (USER_ID,SHOP_ID,CONFIRM_OK) values (53,35,3);
Insert into MAP.OWNER_CONFIRM (USER_ID,SHOP_ID,CONFIRM_OK) values (36,36,2);
Insert into MAP.OWNER_CONFIRM (USER_ID,SHOP_ID,CONFIRM_OK) values (37,37,2);
Insert into MAP.OWNER_CONFIRM (USER_ID,SHOP_ID,CONFIRM_OK) values (38,38,2);
Insert into MAP.OWNER_CONFIRM (USER_ID,SHOP_ID,CONFIRM_OK) values (93,39,2);
Insert into MAP.OWNER_CONFIRM (USER_ID,SHOP_ID,CONFIRM_OK) values (40,40,2);
Insert into MAP.OWNER_CONFIRM (USER_ID,SHOP_ID,CONFIRM_OK) values (41,41,2);
Insert into MAP.OWNER_CONFIRM (USER_ID,SHOP_ID,CONFIRM_OK) values (42,42,2);
Insert into MAP.OWNER_CONFIRM (USER_ID,SHOP_ID,CONFIRM_OK) values (43,43,1);
Insert into MAP.OWNER_CONFIRM (USER_ID,SHOP_ID,CONFIRM_OK) values (44,44,1);
Insert into MAP.OWNER_CONFIRM (USER_ID,SHOP_ID,CONFIRM_OK) values (45,45,1);
Insert into MAP.OWNER_CONFIRM (USER_ID,SHOP_ID,CONFIRM_OK) values (46,46,1);
Insert into MAP.OWNER_CONFIRM (USER_ID,SHOP_ID,CONFIRM_OK) values (47,47,1);
Insert into MAP.OWNER_CONFIRM (USER_ID,SHOP_ID,CONFIRM_OK) values (48,48,1);
Insert into MAP.OWNER_CONFIRM (USER_ID,SHOP_ID,CONFIRM_OK) values (49,49,1);
Insert into MAP.OWNER_CONFIRM (USER_ID,SHOP_ID,CONFIRM_OK) values (50,50,1);
Insert into MAP.OWNER_CONFIRM (USER_ID,SHOP_ID,CONFIRM_OK) values (51,51,2);
Insert into MAP.OWNER_CONFIRM (USER_ID,SHOP_ID,CONFIRM_OK) values (52,52,3);
Insert into MAP.OWNER_CONFIRM (USER_ID,SHOP_ID,CONFIRM_OK) values (53,53,3);
REM INSERTING into MAP.PORTAL_DATA
SET DEFINE OFF;
REM INSERTING into MAP.PORTAL_DATA_CHECK
SET DEFINE OFF;
REM INSERTING into MAP.REVIEW
SET DEFINE OFF;
Insert into MAP.REVIEW (REVIEW_ID,SHOP_ID,USER_ID,TITLE,SCORE,IMG,IS_BLIND,REG_DATE,UPDATE_DATE) values (141,37,3,'분위기 좋은 맛집 !!',9,'/upload/review/2017/07/15/96054674883250.jpg',0,to_date('17/07/15','RR/MM/DD'),to_date('17/07/15','RR/MM/DD'));
Insert into MAP.REVIEW (REVIEW_ID,SHOP_ID,USER_ID,TITLE,SCORE,IMG,IS_BLIND,REG_DATE,UPDATE_DATE) values (142,3,3,'asd',8,'/upload/review/2017/07/15/91734561743619.exe',0,to_date('17/07/15','RR/MM/DD'),to_date('17/07/15','RR/MM/DD'));
Insert into MAP.REVIEW (REVIEW_ID,SHOP_ID,USER_ID,TITLE,SCORE,IMG,IS_BLIND,REG_DATE,UPDATE_DATE) values (143,5,3,'세번째글',9,'/upload/review/2017/07/15/91765555462243.exe',0,to_date('17/07/15','RR/MM/DD'),to_date('17/07/15','RR/MM/DD'));
Insert into MAP.REVIEW (REVIEW_ID,SHOP_ID,USER_ID,TITLE,SCORE,IMG,IS_BLIND,REG_DATE,UPDATE_DATE) values (144,23,3,'네번째 다녀왔써요',7,'/upload/review/2017/07/15/91798086248169.exe',0,to_date('17/07/15','RR/MM/DD'),to_date('17/07/15','RR/MM/DD'));
Insert into MAP.REVIEW (REVIEW_ID,SHOP_ID,USER_ID,TITLE,SCORE,IMG,IS_BLIND,REG_DATE,UPDATE_DATE) values (145,4,3,'다섯번째 다녀왔어요',8,'/upload/review/2017/07/15/91824071954477.exe',0,to_date('17/07/15','RR/MM/DD'),to_date('17/07/15','RR/MM/DD'));
Insert into MAP.REVIEW (REVIEW_ID,SHOP_ID,USER_ID,TITLE,SCORE,IMG,IS_BLIND,REG_DATE,UPDATE_DATE) values (146,36,3,'여섯번？에요',6,'/upload/review/2017/07/15/91847033314114.exe',0,to_date('17/07/15','RR/MM/DD'),to_date('17/07/15','RR/MM/DD'));
Insert into MAP.REVIEW (REVIEW_ID,SHOP_ID,USER_ID,TITLE,SCORE,IMG,IS_BLIND,REG_DATE,UPDATE_DATE) values (147,12,3,'일곱번먹어도 맛있네요',9,'/upload/review/2017/07/15/91896071464839.exe',0,to_date('17/07/15','RR/MM/DD'),to_date('17/07/15','RR/MM/DD'));
Insert into MAP.REVIEW (REVIEW_ID,SHOP_ID,USER_ID,TITLE,SCORE,IMG,IS_BLIND,REG_DATE,UPDATE_DATE) values (148,41,3,'팔점드려요',8,'/upload/review/2017/07/15/91939676466876.exe',0,to_date('17/07/15','RR/MM/DD'),to_date('17/07/15','RR/MM/DD'));
Insert into MAP.REVIEW (REVIEW_ID,SHOP_ID,USER_ID,TITLE,SCORE,IMG,IS_BLIND,REG_DATE,UPDATE_DATE) values (149,27,3,'음 맛잇내요',9,'/upload/review/2017/07/15/91968064592395.exe',0,to_date('17/07/15','RR/MM/DD'),to_date('17/07/15','RR/MM/DD'));
Insert into MAP.REVIEW (REVIEW_ID,SHOP_ID,USER_ID,TITLE,SCORE,IMG,IS_BLIND,REG_DATE,UPDATE_DATE) values (125,23,101,'ㅇㅇㅇㅇㅇ',10,'/upload/review/2017/07/11/1019841534681016.JPG',0,to_date('17/07/11','RR/MM/DD'),to_date('17/07/11','RR/MM/DD'));
Insert into MAP.REVIEW (REVIEW_ID,SHOP_ID,USER_ID,TITLE,SCORE,IMG,IS_BLIND,REG_DATE,UPDATE_DATE) values (108,23,4,'은행골 다녀왔어요~',10,'/upload/review/2017/07/11/1006209852202829.jpg',0,to_date('17/07/11','RR/MM/DD'),to_date('17/07/11','RR/MM/DD'));
Insert into MAP.REVIEW (REVIEW_ID,SHOP_ID,USER_ID,TITLE,SCORE,IMG,IS_BLIND,REG_DATE,UPDATE_DATE) values (109,41,3,'이대 맛집 팬브레드! 적극추천해요~~',10,'/upload/review/2017/07/11/1006667946401791.jpeg',0,to_date('17/07/11','RR/MM/DD'),to_date('17/07/11','RR/MM/DD'));
Insert into MAP.REVIEW (REVIEW_ID,SHOP_ID,USER_ID,TITLE,SCORE,IMG,IS_BLIND,REG_DATE,UPDATE_DATE) values (110,27,3,'입에서 살살 녹는 그맛!',10,'/upload/review/2017/07/11/1006738323003228.jpg',0,to_date('17/07/11','RR/MM/DD'),to_date('17/07/11','RR/MM/DD'));
Insert into MAP.REVIEW (REVIEW_ID,SHOP_ID,USER_ID,TITLE,SCORE,IMG,IS_BLIND,REG_DATE,UPDATE_DATE) values (111,18,5,'정갈하고 소박한 한정식칠량. 맛있게 먹고 왔어요!',8,'/upload/review/2017/07/11/1006831299987200.jpg',0,to_date('17/07/11','RR/MM/DD'),to_date('17/07/11','RR/MM/DD'));
Insert into MAP.REVIEW (REVIEW_ID,SHOP_ID,USER_ID,TITLE,SCORE,IMG,IS_BLIND,REG_DATE,UPDATE_DATE) values (112,39,10,'마늘향이 솔솔~',10,'/upload/review/2017/07/11/1006886298518888.jpg',0,to_date('17/07/11','RR/MM/DD'),to_date('17/07/11','RR/MM/DD'));
Insert into MAP.REVIEW (REVIEW_ID,SHOP_ID,USER_ID,TITLE,SCORE,IMG,IS_BLIND,REG_DATE,UPDATE_DATE) values (113,12,8,'육회가 입에서 춤을춰요!',10,'/upload/review/2017/07/11/1006961972977509.jpg',0,to_date('17/07/11','RR/MM/DD'),to_date('17/07/11','RR/MM/DD'));
Insert into MAP.REVIEW (REVIEW_ID,SHOP_ID,USER_ID,TITLE,SCORE,IMG,IS_BLIND,REG_DATE,UPDATE_DATE) values (114,4,11,'육즙이 넘치는 고기. 즐겁게 먹고 왔어요',10,'/upload/review/2017/07/11/1007019818890507.jpg',0,to_date('17/07/11','RR/MM/DD'),to_date('17/07/11','RR/MM/DD'));
Insert into MAP.REVIEW (REVIEW_ID,SHOP_ID,USER_ID,TITLE,SCORE,IMG,IS_BLIND,REG_DATE,UPDATE_DATE) values (115,17,13,'영화에 나온 그집! 드디어 다녀왔어요',7,'/upload/review/2017/07/11/1007095882034553.jpg',0,to_date('17/07/11','RR/MM/DD'),to_date('17/07/11','RR/MM/DD'));
Insert into MAP.REVIEW (REVIEW_ID,SHOP_ID,USER_ID,TITLE,SCORE,IMG,IS_BLIND,REG_DATE,UPDATE_DATE) values (120,4,2,'가족외식하고왔어요~ 굿!',10,'/upload/review/2017/07/11/1007912649682670.jpg',0,to_date('17/07/11','RR/MM/DD'),to_date('17/07/11','RR/MM/DD'));
Insert into MAP.REVIEW (REVIEW_ID,SHOP_ID,USER_ID,TITLE,SCORE,IMG,IS_BLIND,REG_DATE,UPDATE_DATE) values (121,39,2,'피자와 스테이크 먹고왔어요',10,'/upload/review/2017/07/11/1007949588169947.jpg',0,to_date('17/07/11','RR/MM/DD'),to_date('17/07/11','RR/MM/DD'));
Insert into MAP.REVIEW (REVIEW_ID,SHOP_ID,USER_ID,TITLE,SCORE,IMG,IS_BLIND,REG_DATE,UPDATE_DATE) values (119,23,2,'맛있어요! 최고',6,'/upload/review/2017/07/11/1007878480190470.jpg',0,to_date('17/07/11','RR/MM/DD'),to_date('17/07/11','RR/MM/DD'));
Insert into MAP.REVIEW (REVIEW_ID,SHOP_ID,USER_ID,TITLE,SCORE,IMG,IS_BLIND,REG_DATE,UPDATE_DATE) values (122,12,2,'저렴한 가격의 육회',10,'/upload/review/2017/07/11/1007992707578348.jpg',0,to_date('17/07/11','RR/MM/DD'),to_date('17/07/11','RR/MM/DD'));
Insert into MAP.REVIEW (REVIEW_ID,SHOP_ID,USER_ID,TITLE,SCORE,IMG,IS_BLIND,REG_DATE,UPDATE_DATE) values (123,1,2,'구디 맛집 골목길~',10,'/upload/review/2017/07/11/1008048268382876.jpg',0,to_date('17/07/11','RR/MM/DD'),to_date('17/07/11','RR/MM/DD'));
Insert into MAP.REVIEW (REVIEW_ID,SHOP_ID,USER_ID,TITLE,SCORE,IMG,IS_BLIND,REG_DATE,UPDATE_DATE) values (105,1,51,'구로디지털단지 돌배기집 백종원 차돌박이',5,'/upload/review\2017\07\04/407757017891427.jpg',0,to_date('17/07/04','RR/MM/DD'),to_date('17/07/04','RR/MM/DD'));
Insert into MAP.REVIEW (REVIEW_ID,SHOP_ID,USER_ID,TITLE,SCORE,IMG,IS_BLIND,REG_DATE,UPDATE_DATE) values (150,122,9,'맑은곰탕집',9,'/upload/review/2017/07/15/93020706954251.jpg',0,to_date('17/07/15','RR/MM/DD'),to_date('17/07/15','RR/MM/DD'));
Insert into MAP.REVIEW (REVIEW_ID,SHOP_ID,USER_ID,TITLE,SCORE,IMG,IS_BLIND,REG_DATE,UPDATE_DATE) values (103,3,51,'구로디지털단지 소고기 맛집 구디 골목길! [출처] 구로디지털단지 소고기 맛집 구디 골목길',7,'/upload/review\2017\07\04/null',0,to_date('17/07/04','RR/MM/DD'),to_date('17/07/04','RR/MM/DD'));
Insert into MAP.REVIEW (REVIEW_ID,SHOP_ID,USER_ID,TITLE,SCORE,IMG,IS_BLIND,REG_DATE,UPDATE_DATE) values (104,23,51,'은행골에서 특선 초밥+배꼽 살 먹었어요~! : 구로디지털단지 맛집',10,'/upload/review/2017/07/11/1014749218989762.jpg',1,to_date('17/07/04','RR/MM/DD'),to_date('17/07/11','RR/MM/DD'));
Insert into MAP.REVIEW (REVIEW_ID,SHOP_ID,USER_ID,TITLE,SCORE,IMG,IS_BLIND,REG_DATE,UPDATE_DATE) values (151,37,7,'파스타와 스테이크가 맛있는 보나베띠',8,'/upload/review/2017/07/15/96137990256743.jpg',0,to_date('17/07/15','RR/MM/DD'),to_date('17/07/15','RR/MM/DD'));
Insert into MAP.REVIEW (REVIEW_ID,SHOP_ID,USER_ID,TITLE,SCORE,IMG,IS_BLIND,REG_DATE,UPDATE_DATE) values (152,37,4,'오빠랑 맛집다녀왔어요~',5,'/upload/review/2017/07/15/96302953264606.jpg',0,to_date('17/07/15','RR/MM/DD'),to_date('17/07/15','RR/MM/DD'));
Insert into MAP.REVIEW (REVIEW_ID,SHOP_ID,USER_ID,TITLE,SCORE,IMG,IS_BLIND,REG_DATE,UPDATE_DATE) values (153,37,4,'엄마랑 데이트했어요',8,'/upload/review/2017/07/15/96833770453262.jpg',0,to_date('17/07/15','RR/MM/DD'),to_date('17/07/15','RR/MM/DD'));
Insert into MAP.REVIEW (REVIEW_ID,SHOP_ID,USER_ID,TITLE,SCORE,IMG,IS_BLIND,REG_DATE,UPDATE_DATE) values (154,4,7,'고깃집 별로 안좋아하는데 정말 맛있음. 사이드도 알차게 다 맛있음.',6,'/upload/review/2017/07/15/96393164102455.jpg',0,to_date('17/07/15','RR/MM/DD'),to_date('17/07/15','RR/MM/DD'));
Insert into MAP.REVIEW (REVIEW_ID,SHOP_ID,USER_ID,TITLE,SCORE,IMG,IS_BLIND,REG_DATE,UPDATE_DATE) values (155,5,7,'육수도 냉면도 매우 자극적이다. 그래서 맛있는거 같기도.. 고기는 좀 별로',2,'/upload/review/2017/07/15/96427953710171.jpg',0,to_date('17/07/15','RR/MM/DD'),to_date('17/07/15','RR/MM/DD'));
Insert into MAP.REVIEW (REVIEW_ID,SHOP_ID,USER_ID,TITLE,SCORE,IMG,IS_BLIND,REG_DATE,UPDATE_DATE) values (156,37,9,'보나베띠 후기',7,'/upload/review/2017/07/15/96468825714156.jpg',0,to_date('17/07/15','RR/MM/DD'),to_date('17/07/15','RR/MM/DD'));
Insert into MAP.REVIEW (REVIEW_ID,SHOP_ID,USER_ID,TITLE,SCORE,IMG,IS_BLIND,REG_DATE,UPDATE_DATE) values (157,38,7,'미스터피자먹었어요. 그냥무난무난한 맛이었어욤ㅎㅎㅎ',6,'/upload/review/2017/07/15/96603392639729.jpg',0,to_date('17/07/15','RR/MM/DD'),to_date('17/07/15','RR/MM/DD'));
Insert into MAP.REVIEW (REVIEW_ID,SHOP_ID,USER_ID,TITLE,SCORE,IMG,IS_BLIND,REG_DATE,UPDATE_DATE) values (158,37,51,'분위기 좋은 식당 찾았네요',9,'/upload/review/2017/07/15/96617695636424.jpg',0,to_date('17/07/15','RR/MM/DD'),to_date('17/07/15','RR/MM/DD'));
Insert into MAP.REVIEW (REVIEW_ID,SHOP_ID,USER_ID,TITLE,SCORE,IMG,IS_BLIND,REG_DATE,UPDATE_DATE) values (159,37,9,'도토리님이랑 데이트했어요',8,'/upload/review/2017/07/15/96795990294175.jpg',0,to_date('17/07/15','RR/MM/DD'),to_date('17/07/15','RR/MM/DD'));
Insert into MAP.REVIEW (REVIEW_ID,SHOP_ID,USER_ID,TITLE,SCORE,IMG,IS_BLIND,REG_DATE,UPDATE_DATE) values (140,23,9,'갠적인 후기',8,'/upload/review/2017/07/15/91356059790801.jpg',0,to_date('17/07/15','RR/MM/DD'),to_date('17/07/15','RR/MM/DD'));
REM INSERTING into MAP.REVIEW_CHECK
SET DEFINE OFF;
REM INSERTING into MAP.REVIEW_COMMENT
SET DEFINE OFF;
Insert into MAP.REVIEW_COMMENT (REVIEW_COMMENT_ID,REVIEW_ID,USER_ID) values (100,105,51);
REM INSERTING into MAP.REVIEW_GOOD_BAD
SET DEFINE OFF;
Insert into MAP.REVIEW_GOOD_BAD (REVIEW_ID,USER_ID,GOOD,BAD) values (141,3,1,0);
Insert into MAP.REVIEW_GOOD_BAD (REVIEW_ID,USER_ID,GOOD,BAD) values (103,3,1,0);
Insert into MAP.REVIEW_GOOD_BAD (REVIEW_ID,USER_ID,GOOD,BAD) values (142,3,1,0);
Insert into MAP.REVIEW_GOOD_BAD (REVIEW_ID,USER_ID,GOOD,BAD) values (143,3,1,0);
Insert into MAP.REVIEW_GOOD_BAD (REVIEW_ID,USER_ID,GOOD,BAD) values (144,3,1,0);
Insert into MAP.REVIEW_GOOD_BAD (REVIEW_ID,USER_ID,GOOD,BAD) values (149,3,1,0);
Insert into MAP.REVIEW_GOOD_BAD (REVIEW_ID,USER_ID,GOOD,BAD) values (119,101,0,0);
Insert into MAP.REVIEW_GOOD_BAD (REVIEW_ID,USER_ID,GOOD,BAD) values (1,1,0,0);
Insert into MAP.REVIEW_GOOD_BAD (REVIEW_ID,USER_ID,GOOD,BAD) values (100,1,1,0);
Insert into MAP.REVIEW_GOOD_BAD (REVIEW_ID,USER_ID,GOOD,BAD) values (141,51,0,1);
Insert into MAP.REVIEW_GOOD_BAD (REVIEW_ID,USER_ID,GOOD,BAD) values (141,10,1,0);
Insert into MAP.REVIEW_GOOD_BAD (REVIEW_ID,USER_ID,GOOD,BAD) values (141,11,1,0);
Insert into MAP.REVIEW_GOOD_BAD (REVIEW_ID,USER_ID,GOOD,BAD) values (151,11,0,1);
Insert into MAP.REVIEW_GOOD_BAD (REVIEW_ID,USER_ID,GOOD,BAD) values (151,13,1,0);
Insert into MAP.REVIEW_GOOD_BAD (REVIEW_ID,USER_ID,GOOD,BAD) values (141,13,1,0);
Insert into MAP.REVIEW_GOOD_BAD (REVIEW_ID,USER_ID,GOOD,BAD) values (141,7,1,0);
Insert into MAP.REVIEW_GOOD_BAD (REVIEW_ID,USER_ID,GOOD,BAD) values (141,4,1,0);
Insert into MAP.REVIEW_GOOD_BAD (REVIEW_ID,USER_ID,GOOD,BAD) values (152,3,1,0);
Insert into MAP.REVIEW_GOOD_BAD (REVIEW_ID,USER_ID,GOOD,BAD) values (151,4,0,1);
Insert into MAP.REVIEW_GOOD_BAD (REVIEW_ID,USER_ID,GOOD,BAD) values (153,3,1,0);
Insert into MAP.REVIEW_GOOD_BAD (REVIEW_ID,USER_ID,GOOD,BAD) values (156,3,1,0);
Insert into MAP.REVIEW_GOOD_BAD (REVIEW_ID,USER_ID,GOOD,BAD) values (152,9,0,1);
Insert into MAP.REVIEW_GOOD_BAD (REVIEW_ID,USER_ID,GOOD,BAD) values (151,3,1,0);
Insert into MAP.REVIEW_GOOD_BAD (REVIEW_ID,USER_ID,GOOD,BAD) values (151,9,1,0);
Insert into MAP.REVIEW_GOOD_BAD (REVIEW_ID,USER_ID,GOOD,BAD) values (153,9,1,0);
Insert into MAP.REVIEW_GOOD_BAD (REVIEW_ID,USER_ID,GOOD,BAD) values (156,51,1,0);
Insert into MAP.REVIEW_GOOD_BAD (REVIEW_ID,USER_ID,GOOD,BAD) values (158,51,1,0);
Insert into MAP.REVIEW_GOOD_BAD (REVIEW_ID,USER_ID,GOOD,BAD) values (152,51,1,0);
Insert into MAP.REVIEW_GOOD_BAD (REVIEW_ID,USER_ID,GOOD,BAD) values (159,9,1,0);
Insert into MAP.REVIEW_GOOD_BAD (REVIEW_ID,USER_ID,GOOD,BAD) values (158,9,1,0);
Insert into MAP.REVIEW_GOOD_BAD (REVIEW_ID,USER_ID,GOOD,BAD) values (141,9,1,0);
Insert into MAP.REVIEW_GOOD_BAD (REVIEW_ID,USER_ID,GOOD,BAD) values (156,9,1,0);
Insert into MAP.REVIEW_GOOD_BAD (REVIEW_ID,USER_ID,GOOD,BAD) values (113,9,1,0);
Insert into MAP.REVIEW_GOOD_BAD (REVIEW_ID,USER_ID,GOOD,BAD) values (122,9,1,0);
REM INSERTING into MAP.REVIEW_IMG
SET DEFINE OFF;
REM INSERTING into MAP.SHOP
SET DEFINE OFF;
Insert into MAP.SHOP (SHOP_ID,CATEGORY_ID,TITLE,LAT,LNG,OWNER_ID,IMG,RESERVE_URL,ADDRESS,TEL,BUSINESS_TIME,DETAIL) values (122,1,'영춘옥',37.5712045,126.9913124,0,null,null,'서울특별시 종로구 돈의동 137 영춘옥','02-765-4237',null,'곰탕집');
Insert into MAP.SHOP (SHOP_ID,CATEGORY_ID,TITLE,LAT,LNG,OWNER_ID,IMG,RESERVE_URL,ADDRESS,TEL,BUSINESS_TIME,DETAIL) values (1,1,'골목길',37.484277,126.899994,1,'/upload/shop/2017/07/09/1.jpg','https://easybooking.naver.com/','서울 구로구 디지털로32나길 17-19','02-859-9294','11:00 - 23:00','저렴한 가격에 뛰어난 품질');
Insert into MAP.SHOP (SHOP_ID,CATEGORY_ID,TITLE,LAT,LNG,OWNER_ID,IMG,RESERVE_URL,ADDRESS,TEL,BUSINESS_TIME,DETAIL) values (2,1,'소공동 뚝배기',37.484497,126.899262,2,'/upload/shop/2017/07/09/2.jpg','https://easybooking.naver.com/','서울 구로구 디지털로34길 55','02-850-7879','11:00 - 23:00','저렴한 가격에 뛰어난 품질');
Insert into MAP.SHOP (SHOP_ID,CATEGORY_ID,TITLE,LAT,LNG,OWNER_ID,IMG,RESERVE_URL,ADDRESS,TEL,BUSINESS_TIME,DETAIL) values (3,1,'돌배기집 구로디지털역점',37.483485,126.900471,3,'/upload/shop/2017/07/09/3.jpg','https://easybooking.naver.com/','서울 구로구 디지털로32길 97-3','02-857-0410','11:30 - 06:00','저렴한 가격에 뛰어난 품질');
Insert into MAP.SHOP (SHOP_ID,CATEGORY_ID,TITLE,LAT,LNG,OWNER_ID,IMG,RESERVE_URL,ADDRESS,TEL,BUSINESS_TIME,DETAIL) values (4,1,'마굿간생고기',37.484123,126.900565,4,'/upload/shop/2017/07/09/4.jpg','https://easybooking.naver.com/','서울 구로구 디지털로32나길 20','02-838-0156','15:00 - 03:00','저렴한 가격에 뛰어난 품질');
Insert into MAP.SHOP (SHOP_ID,CATEGORY_ID,TITLE,LAT,LNG,OWNER_ID,IMG,RESERVE_URL,ADDRESS,TEL,BUSINESS_TIME,DETAIL) values (5,1,'육쌈냉면 구로점',37.484074,126.901596,5,'/upload/shop/2017/07/09/5.jpg','https://easybooking.naver.com/','서울 구로구 시흥대로 569','02-857-6392','11:00 - 23:00','저렴한 가격에 뛰어난 품질');
Insert into MAP.SHOP (SHOP_ID,CATEGORY_ID,TITLE,LAT,LNG,OWNER_ID,IMG,RESERVE_URL,ADDRESS,TEL,BUSINESS_TIME,DETAIL) values (6,1,'말뚝곱창',37.484179,126.901787,6,'/upload/shop/2017/07/09/6.jpg','https://easybooking.naver.com/','서울 구로구 시흥대로 571','02-866-5298','17:00 - 04:00','저렴한 가격에 뛰어난 품질');
Insert into MAP.SHOP (SHOP_ID,CATEGORY_ID,TITLE,LAT,LNG,OWNER_ID,IMG,RESERVE_URL,ADDRESS,TEL,BUSINESS_TIME,DETAIL) values (7,1,'짚신매운갈비찜',37.485023,126.896664,7,'/upload/shop/2017/07/09/7.jpg','https://easybooking.naver.com/','서울 구로구 디지털로 300','02-6344-3938','11:00 - 23:00','저렴한 가격에 뛰어난 품질');
Insert into MAP.SHOP (SHOP_ID,CATEGORY_ID,TITLE,LAT,LNG,OWNER_ID,IMG,RESERVE_URL,ADDRESS,TEL,BUSINESS_TIME,DETAIL) values (8,1,'밥복끼',37.483722,126.895413,8,'/upload/shop/2017/07/09/8.jpg','https://easybooking.naver.com/','서울 구로구 디지털로 288','02-2082-3989','11:00 - 22:00','저렴한 가격에 뛰어난 품질');
Insert into MAP.SHOP (SHOP_ID,CATEGORY_ID,TITLE,LAT,LNG,OWNER_ID,IMG,RESERVE_URL,ADDRESS,TEL,BUSINESS_TIME,DETAIL) values (9,1,'마포본가 구로디지털점',37.484455,126.899262,9,'/upload/shop/2017/07/09/9.jpg','https://easybooking.naver.com/','서울 구로구 디지털로34길 55','02-852-5505','11:00 - 23:00','저렴한 가격에 뛰어난 품질');
Insert into MAP.SHOP (SHOP_ID,CATEGORY_ID,TITLE,LAT,LNG,OWNER_ID,IMG,RESERVE_URL,ADDRESS,TEL,BUSINESS_TIME,DETAIL) values (10,1,'복돈이 부추삼겹살',37.475716,126.980565,10,'/upload/shop/2017/07/09/10.jpg','https://easybooking.naver.com/','서울 관악구 남현1길 68-14 남현빌딩','02-588-5124','11:00 - 23:00','저렴한 가격에 뛰어난 품질');
Insert into MAP.SHOP (SHOP_ID,CATEGORY_ID,TITLE,LAT,LNG,OWNER_ID,IMG,RESERVE_URL,ADDRESS,TEL,BUSINESS_TIME,DETAIL) values (11,1,'명동교자 본점',37.562771,126.985739,11,'/upload/shop/2017/07/09/11.jpg','https://easybooking.naver.com/','서울 중구 명동10길 29','02-776-5348','11:00 - 23:00','저렴한 가격에 뛰어난 품질');
Insert into MAP.SHOP (SHOP_ID,CATEGORY_ID,TITLE,LAT,LNG,OWNER_ID,IMG,RESERVE_URL,ADDRESS,TEL,BUSINESS_TIME,DETAIL) values (21,2,'스시메이진 구로점',37.485023,126.896664,21,'/upload/shop/2017/07/09/21.jpg','https://easybooking.naver.com/','서울 구로구 디지털로 300','02-6344-3782','11:30 - 22:00','저렴한 가격에 뛰어난 품질');
Insert into MAP.SHOP (SHOP_ID,CATEGORY_ID,TITLE,LAT,LNG,OWNER_ID,IMG,RESERVE_URL,ADDRESS,TEL,BUSINESS_TIME,DETAIL) values (22,2,'장보고참치',37.484043,126.900451,22,'/upload/shop/2017/07/09/22.jpg','https://easybooking.naver.com/','서울 구로구 디지털로32나길 16','02-6344-3782','11:30 - 22:00','저렴한 가격에 뛰어난 품질');
Insert into MAP.SHOP (SHOP_ID,CATEGORY_ID,TITLE,LAT,LNG,OWNER_ID,IMG,RESERVE_URL,ADDRESS,TEL,BUSINESS_TIME,DETAIL) values (23,2,'은행골',37.48322,126.90437,23,'/upload/shop/2017/07/09/23.jpg','https://easybooking.naver.com/','서울 관악구 조원로4길 8','02-859-4988','12:00 - 23:00','저렴한 가격에 뛰어난 품질');
Insert into MAP.SHOP (SHOP_ID,CATEGORY_ID,TITLE,LAT,LNG,OWNER_ID,IMG,RESERVE_URL,ADDRESS,TEL,BUSINESS_TIME,DETAIL) values (24,2,'갓파스시',37.483748,126.895478,24,'/upload/shop/2017/07/09/24.jpg','https://easybooking.naver.com/','서울 구로구 디지털로 288','02-864-4377','11:30 - 22:00','저렴한 가격에 뛰어난 품질');
Insert into MAP.SHOP (SHOP_ID,CATEGORY_ID,TITLE,LAT,LNG,OWNER_ID,IMG,RESERVE_URL,ADDRESS,TEL,BUSINESS_TIME,DETAIL) values (25,2,'박용석스시',37.485362,126.898788,25,'/upload/shop/2017/07/09/25.jpg','https://easybooking.naver.com/','서울 구로구 디지털로34길 43','02-2025-0003','11:00 - 23:00','저렴한 가격에 뛰어난 품질');
Insert into MAP.SHOP (SHOP_ID,CATEGORY_ID,TITLE,LAT,LNG,OWNER_ID,IMG,RESERVE_URL,ADDRESS,TEL,BUSINESS_TIME,DETAIL) values (26,2,'스시빈',37.604065,127.043286,26,'/upload/shop/2017/07/09/26.jpg','https://easybooking.naver.com/','서울 성북구 화랑로 105','02-911-8080','11:00 - 23:00','저렴한 가격에 뛰어난 품질');
Insert into MAP.SHOP (SHOP_ID,CATEGORY_ID,TITLE,LAT,LNG,OWNER_ID,IMG,RESERVE_URL,ADDRESS,TEL,BUSINESS_TIME,DETAIL) values (27,2,'호야초밥참치 1호점',37.543791,127.070365,27,'/upload/shop/2017/07/09/27.jpg','https://easybooking.naver.com/','서울 광진구 능동로13길 36','02-461-3739','11:00 - 23:00','저렴한 가격에 뛰어난 품질');
Insert into MAP.SHOP (SHOP_ID,CATEGORY_ID,TITLE,LAT,LNG,OWNER_ID,IMG,RESERVE_URL,ADDRESS,TEL,BUSINESS_TIME,DETAIL) values (28,3,'홍콩반점',37.483179,126.901003,28,'/upload/shop/2017/07/09/28.jpg','https://easybooking.naver.com/','서울 구로구 시흥대로 557','02-863-3200','11:30 - 21:30','저렴한 가격에 뛰어난 품질');
Insert into MAP.SHOP (SHOP_ID,CATEGORY_ID,TITLE,LAT,LNG,OWNER_ID,IMG,RESERVE_URL,ADDRESS,TEL,BUSINESS_TIME,DETAIL) values (29,3,'홍짜장',37.481505,126.893352,29,'/upload/shop/2017/07/09/29.jpg','https://easybooking.naver.com/','서울 구로구 가마산로26길 5','02-855-9270','11:30 - 21:30','저렴한 가격에 뛰어난 품질');
Insert into MAP.SHOP (SHOP_ID,CATEGORY_ID,TITLE,LAT,LNG,OWNER_ID,IMG,RESERVE_URL,ADDRESS,TEL,BUSINESS_TIME,DETAIL) values (30,3,'짬뽕상회',37.482187,126.898843,30,'/upload/shop/2017/07/09/30.jpg','https://easybooking.naver.com/','서울 구로구 디지털로32가길 25 티타운빌딩','02-830-6435','11:30 - 06:00','저렴한 가격에 뛰어난 품질');
Insert into MAP.SHOP (SHOP_ID,CATEGORY_ID,TITLE,LAT,LNG,OWNER_ID,IMG,RESERVE_URL,ADDRESS,TEL,BUSINESS_TIME,DETAIL) values (31,3,'동해반점',37.49882,126.861478,31,'/upload/shop/2017/07/09/31.jpg','https://easybooking.naver.com/','서울 구로구 중앙로3길 55','02-830-6435','11:00 - 23:00','저렴한 가격에 뛰어난 품질');
Insert into MAP.SHOP (SHOP_ID,CATEGORY_ID,TITLE,LAT,LNG,OWNER_ID,IMG,RESERVE_URL,ADDRESS,TEL,BUSINESS_TIME,DETAIL) values (32,3,'매화반점',37.538571,127.067923,32,'/upload/shop/2017/07/09/32.jpg','https://easybooking.naver.com/','서울 광진구 동일로18길 96','02-462-1939','11:00 - 23:00','저렴한 가격에 뛰어난 품질');
Insert into MAP.SHOP (SHOP_ID,CATEGORY_ID,TITLE,LAT,LNG,OWNER_ID,IMG,RESERVE_URL,ADDRESS,TEL,BUSINESS_TIME,DETAIL) values (35,4,'애슐리',37.485023,126.896664,35,'/upload/shop/2017/07/09/35.jpg','https://easybooking.naver.com/','서울 구로구 디지털로 300','02-6344-3901','11:00 - 22:00','저렴한 가격에 뛰어난 품질');
Insert into MAP.SHOP (SHOP_ID,CATEGORY_ID,TITLE,LAT,LNG,OWNER_ID,IMG,RESERVE_URL,ADDRESS,TEL,BUSINESS_TIME,DETAIL) values (36,4,'도쿄스테이크 태평양물산점',37.485159,126.894791,36,'/upload/shop/2017/07/09/36.jpg','https://easybooking.naver.com/','서울 구로구 디지털로31길 12','070-8862-8314','11:00 - 21:00','저렴한 가격에 뛰어난 품질');
Insert into MAP.SHOP (SHOP_ID,CATEGORY_ID,TITLE,LAT,LNG,OWNER_ID,IMG,RESERVE_URL,ADDRESS,TEL,BUSINESS_TIME,DETAIL) values (37,4,'보나베띠 구로지밸리점',37.485023,126.896664,37,'/upload/shop/2017/07/09/37.jpg','https://easybooking.naver.com/','서울 구로구 디지털로 300','02-6344-3933','11:30 - 22:00','저렴한 가격에 뛰어난 품질');
Insert into MAP.SHOP (SHOP_ID,CATEGORY_ID,TITLE,LAT,LNG,OWNER_ID,IMG,RESERVE_URL,ADDRESS,TEL,BUSINESS_TIME,DETAIL) values (38,4,'미스터피자 구로공단역점',37.48381,126.901552,38,'/upload/shop/2017/07/09/38.jpg','https://easybooking.naver.com/','서울 구로구 시흥대로 565','02-866-2218','11:00 - 22:30','저렴한 가격에 뛰어난 품질');
Insert into MAP.SHOP (SHOP_ID,CATEGORY_ID,TITLE,LAT,LNG,OWNER_ID,IMG,RESERVE_URL,ADDRESS,TEL,BUSINESS_TIME,DETAIL) values (39,4,'매드포갈릭 사당점',37.477647,126.982176,39,'/upload/shop/2017/07/09/39.jpg','https://easybooking.naver.com/','서울 서초구 방배천로 11 파스텔시티 2층?','02-3472-8411','11:00 - 23:00','저렴한 가격에 뛰어난 품질');
Insert into MAP.SHOP (SHOP_ID,CATEGORY_ID,TITLE,LAT,LNG,OWNER_ID,IMG,RESERVE_URL,ADDRESS,TEL,BUSINESS_TIME,DETAIL) values (42,5,'젤라띠젤라띠',37.550275,126.922292,42,'/upload/shop/2017/07/09/42.jpg','https://easybooking.naver.com/','서울 마포구 와우산로17길 12','02-3144-3281','11:00 - 23:00','저렴한 가격에 뛰어난 품질');
Insert into MAP.SHOP (SHOP_ID,CATEGORY_ID,TITLE,LAT,LNG,OWNER_ID,IMG,RESERVE_URL,ADDRESS,TEL,BUSINESS_TIME,DETAIL) values (12,1,'육회자매집',37.570791,126.999859,12,'/upload/shop/2017/07/09/12.jpg','https://easybooking.naver.com/','서울 종로구 종로 200-4','02-2272-3069','09:00 - 22:30','종로 육회하면 알아주는 육회 자매집입니다.');
Insert into MAP.SHOP (SHOP_ID,CATEGORY_ID,TITLE,LAT,LNG,OWNER_ID,IMG,RESERVE_URL,ADDRESS,TEL,BUSINESS_TIME,DETAIL) values (13,1,'엉터리생고기',37.564432,126.968895,13,'/upload/shop/2017/07/09/13.jpg','https://easybooking.naver.com/','서울 중구 통일로4길 16','
02-3789-3376','10:00 - 22:00','저렴한 가격에 뛰어난 품질');
Insert into MAP.SHOP (SHOP_ID,CATEGORY_ID,TITLE,LAT,LNG,OWNER_ID,IMG,RESERVE_URL,ADDRESS,TEL,BUSINESS_TIME,DETAIL) values (14,1,'진진바라 서울역점',37.553741,126.973536,14,'/upload/shop/2017/07/09/14.jpg','https://easybooking.naver.com/','서울 용산구 후암로 107','
02-777-8004','11:00 - 23:00','고급스러운 분위기의 전통 한정식 전문점입니다. 전통적인 소품을 이용하여 모던하게 꾸몄는데요. 떡갈비, 약선요리, 생선회 등 10여가지의 한식요리가 푸짐하게 차려지는 한정식이 대표메뉴이지요. 예약 필수이니 참고하세요.');
Insert into MAP.SHOP (SHOP_ID,CATEGORY_ID,TITLE,LAT,LNG,OWNER_ID,IMG,RESERVE_URL,ADDRESS,TEL,BUSINESS_TIME,DETAIL) values (15,1,'경회루',37.620127,127.074498,15,'/upload/shop/2017/07/09/15.jpg','https://easybooking.naver.com/','서울 노원구 동일로 1005','
02-972-2774','11:00 - 23:00','경복궁 근정전 서북쪽 연못가에 세워진 경회루는 조선시대 경사가 있거나 사신이 왔을 때 연회를 베풀던 곳입니다. 저희 경회루는 나라의 국빈을 모시는 마음으로 한 분, 한 분 정성껏 모실 것을 약속 드립니다.');
Insert into MAP.SHOP (SHOP_ID,CATEGORY_ID,TITLE,LAT,LNG,OWNER_ID,IMG,RESERVE_URL,ADDRESS,TEL,BUSINESS_TIME,DETAIL) values (16,1,'수라연',37.528265,127.120079,16,'/upload/shop/2017/07/09/16.jpg','https://easybooking.naver.com/','서울 강동구 강동대로 143-64','
02-473-0550','11:00 - 23:00','
수라연은 친환경 제철 식재료로 만든 한국의 맛과 정성을 담은 밥상으로 고객을 맞이 하겠습니다.
');
Insert into MAP.SHOP (SHOP_ID,CATEGORY_ID,TITLE,LAT,LNG,OWNER_ID,IMG,RESERVE_URL,ADDRESS,TEL,BUSINESS_TIME,DETAIL) values (17,1,'봉우리',37.503259,127.038134,17,'/upload/shop/2017/07/09/17.jpg','https://easybooking.naver.com/','서울 강남구 논현로94길 25-3','
02-564-8551','11:00 - 23:00','허영만 화백의 만화 식객 속 김치명인의 한정식당, 봉우리. 
');
Insert into MAP.SHOP (SHOP_ID,CATEGORY_ID,TITLE,LAT,LNG,OWNER_ID,IMG,RESERVE_URL,ADDRESS,TEL,BUSINESS_TIME,DETAIL) values (18,1,'한정식칠량',37.523147,127.054513,18,'/upload/shop/2017/07/09/18.jpg','https://easybooking.naver.com/','서울 강남구 영동대로 731','
02-516-7095','11:00 - 23:00','한정식 칠량은 일곱 가지 좋은 것으로 고객을 맞이하겠습니다.
첫 번째, 효소와 천연조미료로 만든 건강한 음식
두 번째, 신선하고 좋은 재료로 만든 정직한 음식으로 신뢰를 주는 곳');
Insert into MAP.SHOP (SHOP_ID,CATEGORY_ID,TITLE,LAT,LNG,OWNER_ID,IMG,RESERVE_URL,ADDRESS,TEL,BUSINESS_TIME,DETAIL) values (19,1,'명동정',37.561773,126.988453,19,'/upload/shop/2017/07/09/19.jpg','https://easybooking.naver.com/','서울 중구 삼일대로 299','
02-3789-5132','11:00 - 23:00','모든 고객을 단독룸(개별실)로 모십니다.
명동역 10번출구,14개단독룸, 온돌룸 테이블룸 다다미룸 단체연회실 선택가능,넓은 주차장');
Insert into MAP.SHOP (SHOP_ID,CATEGORY_ID,TITLE,LAT,LNG,OWNER_ID,IMG,RESERVE_URL,ADDRESS,TEL,BUSINESS_TIME,DETAIL) values (20,1,'좋구먼 응암점',37.601661,126.926079,20,'/upload/shop/2017/07/09/20.jpg','https://easybooking.naver.com/','서울 은평구 은평로 167','
02-384-2072','11:00 - 23:00','한식 전통의 섬세하고 정직한 맛을 살리기 위해 자체 식품관 운영과 10년 이상 7개의 매장을 운영하면서 그 동안 쌓아온 외식 경영의 결정체를 국내 외식업계의 프랜차이즈 시스템과 접목 시킴과 동시에 발전시켜 안정적이고 선진화된 프랜차이즈 사업을 전개해 나아갈 것입니다. 선진화된 C.K 운영을 통해 아이템 개발에서부터 안정된 물류공급까지 최고의 경쟁력을 갖춘 (주)맛있는 상상 은 한식 대표 명품 브랜드로 당당히 인정 받겠습니다.');
Insert into MAP.SHOP (SHOP_ID,CATEGORY_ID,TITLE,LAT,LNG,OWNER_ID,IMG,RESERVE_URL,ADDRESS,TEL,BUSINESS_TIME,DETAIL) values (33,3,'백리향',37.519703,126.939843,33,'/upload/shop/2017/07/09/33.jpg','https://easybooking.naver.com/','서울 영등포구 63로 50','
02-789-5741','11:00 - 23:00',', 또 다른세상이란 뜻으로 또다른 맛과 서비스 느끼실수있습니다');
Insert into MAP.SHOP (SHOP_ID,CATEGORY_ID,TITLE,LAT,LNG,OWNER_ID,IMG,RESERVE_URL,ADDRESS,TEL,BUSINESS_TIME,DETAIL) values (34,3,'천외천',37.507732,126.945,34,'/upload/shop/2017/07/09/34.jpg','https://easybooking.naver.com/','서울 동작구 만양로 19','
02-6745-7000','11:00 - 23:00',', 또 다른세상이란 뜻으로 또다른 맛과 서비스 느끼실수있습니다');
Insert into MAP.SHOP (SHOP_ID,CATEGORY_ID,TITLE,LAT,LNG,OWNER_ID,IMG,RESERVE_URL,ADDRESS,TEL,BUSINESS_TIME,DETAIL) values (40,4,'어글리스토브',37.597488,127.092152,40,'/upload/shop/2017/07/09/40.jpg','https://easybooking.naver.com/','서울 중랑구 상봉로 131','
02-433-8459','10:30 - 22:30','몸과 마음의 건강을 위해 가공된 식자재의 인위적인 맛보다 자연그대로의 환경에서 자란 벌레먹고 못생긴 과일이나 채소를 통하여 투박하지만 자연본연의 가치를 실현하고자 어글리스토브가 탄생하였습니다.');
Insert into MAP.SHOP (SHOP_ID,CATEGORY_ID,TITLE,LAT,LNG,OWNER_ID,IMG,RESERVE_URL,ADDRESS,TEL,BUSINESS_TIME,DETAIL) values (41,4,'팬브레드 신촌점',37.553312,126.935001,41,'/upload/shop/2017/07/09/41.jpg','https://easybooking.naver.com/','서울 서대문구 신촌로 149','02-365-3222','11:00 - 22:00','팬브레드 신촌점은 유러피안 다이닝  푸드 전문점입니다. 
파니니, 파스타, 리조또, 필라프, 그릴플레이트, 팬스테이크 등 다양한 종류의 식사를 즐길 수 있습니다
');
Insert into MAP.SHOP (SHOP_ID,CATEGORY_ID,TITLE,LAT,LNG,OWNER_ID,IMG,RESERVE_URL,ADDRESS,TEL,BUSINESS_TIME,DETAIL) values (123,4,'일본돈까스',37.5198321,126.9735959,0,null,null,'서울특별시 용산구 이촌동 300-26 지하1층','02-413-2346',null,'정통 일본 돈까스');
Insert into MAP.SHOP (SHOP_ID,CATEGORY_ID,TITLE,LAT,LNG,OWNER_ID,IMG,RESERVE_URL,ADDRESS,TEL,BUSINESS_TIME,DETAIL) values (120,4,'유치회관',37.2696686,127.0192515,0,null,null,'경기도 수원시 팔달구 인계동 562-79 1132-4','031-234-6275',null,'24시간 영업');
Insert into MAP.SHOP (SHOP_ID,CATEGORY_ID,TITLE,LAT,LNG,OWNER_ID,IMG,RESERVE_URL,ADDRESS,TEL,BUSINESS_TIME,DETAIL) values (43,1,'마가만두',35.114711,129.038543,43,null,'https://easybooking.naver.com/','
부산광역시 동구 초량1동 563','051-468-4059','11:30 - 21:30',', 또 다른세상이란 뜻으로 또다른 맛과 서비스 느끼실수있습니다');
Insert into MAP.SHOP (SHOP_ID,CATEGORY_ID,TITLE,LAT,LNG,OWNER_ID,IMG,RESERVE_URL,ADDRESS,TEL,BUSINESS_TIME,DETAIL) values (44,4,'이재모피자',35.102491,129.030553,44,null,'https://easybooking.naver.com/','부산광역시 중구 광복동 광복중앙로 31','051-245-1478',null,'저렴한 가격에 뛰어난 품질');
Insert into MAP.SHOP (SHOP_ID,CATEGORY_ID,TITLE,LAT,LNG,OWNER_ID,IMG,RESERVE_URL,ADDRESS,TEL,BUSINESS_TIME,DETAIL) values (51,4,'언양불고기',35.1487247,129.1121072,52,null,null,'부산시 수영구 광안2동 204-6','051-215-8725','10:00-22:00','저렴한 가격 고급스런 품질');
Insert into MAP.SHOP (SHOP_ID,CATEGORY_ID,TITLE,LAT,LNG,OWNER_ID,IMG,RESERVE_URL,ADDRESS,TEL,BUSINESS_TIME,DETAIL) values (52,4,'언양불고기',35.1487127,129.1121132,53,null,null,'부산시 수영구 광안2동 204-6','051-215-8725','10:00-22:00','저렴한 가격 고급스런 품질');
Insert into MAP.SHOP (SHOP_ID,CATEGORY_ID,TITLE,LAT,LNG,OWNER_ID,IMG,RESERVE_URL,ADDRESS,TEL,BUSINESS_TIME,DETAIL) values (53,3,'언양불고기',35.1481345,129.1128755,54,null,null,'부산시 수영구 광안2동 204-6','051-215-8725','10:00-22:00','저렴한 가격 고급스런 품질');
Insert into MAP.SHOP (SHOP_ID,CATEGORY_ID,TITLE,LAT,LNG,OWNER_ID,IMG,RESERVE_URL,ADDRESS,TEL,BUSINESS_TIME,DETAIL) values (54,2,'언양불고기',35.1471231,129.1128134,55,null,null,'부산시 수영구 광안2동 204-6','051-215-8725','10:00-22:00','저렴한 가격 고급스런 품질');
Insert into MAP.SHOP (SHOP_ID,CATEGORY_ID,TITLE,LAT,LNG,OWNER_ID,IMG,RESERVE_URL,ADDRESS,TEL,BUSINESS_TIME,DETAIL) values (121,1,'쌍둥이 돼지국밥',35.1323078,129.0953085,0,null,null,'부산광역시 남구 대연동 874-12 121212','12312',null,'오전 9시 - 자정 12시');
Insert into MAP.SHOP (SHOP_ID,CATEGORY_ID,TITLE,LAT,LNG,OWNER_ID,IMG,RESERVE_URL,ADDRESS,TEL,BUSINESS_TIME,DETAIL) values (44,3,'초량밀면',35.117381,129.040614,44,null,null,'부산시 동구 초량동 363-2','051-462-1575','10:10 - 22:00','저렴한 가격에 뛰어난 품질');
REM INSERTING into MAP.SHOP_CATEGORY
SET DEFINE OFF;
Insert into MAP.SHOP_CATEGORY (CATEGORY_ID,CATEGORY_TITLE,CATEGORY_ORDER) values (1,'한식',1);
Insert into MAP.SHOP_CATEGORY (CATEGORY_ID,CATEGORY_TITLE,CATEGORY_ORDER) values (2,'일식',2);
Insert into MAP.SHOP_CATEGORY (CATEGORY_ID,CATEGORY_TITLE,CATEGORY_ORDER) values (3,'중식',3);
Insert into MAP.SHOP_CATEGORY (CATEGORY_ID,CATEGORY_TITLE,CATEGORY_ORDER) values (4,'양식',4);
Insert into MAP.SHOP_CATEGORY (CATEGORY_ID,CATEGORY_TITLE,CATEGORY_ORDER) values (5,'기타',5);
REM INSERTING into MAP.USERS
SET DEFINE OFF;
Insert into MAP.USERS (USER_ID,EMAIL,PASSWORD,TYPE,GENDER,AGE,STATUS_MSG,REG_DATE,REG_IP,UPDATE_DATE) values (51,'aaa11051@naver.com','11051',1,1,29,null,to_date('17/06/24','RR/MM/DD'),'11051',to_date('17/06/24','RR/MM/DD'));
Insert into MAP.USERS (USER_ID,EMAIL,PASSWORD,TYPE,GENDER,AGE,STATUS_MSG,REG_DATE,REG_IP,UPDATE_DATE) values (52,'aaa11052@naver.com','11052',1,2,30,null,to_date('16/06/25','RR/MM/DD'),'11052',to_date('17/06/25','RR/MM/DD'));
Insert into MAP.USERS (USER_ID,EMAIL,PASSWORD,TYPE,GENDER,AGE,STATUS_MSG,REG_DATE,REG_IP,UPDATE_DATE) values (53,'aaa11053@naver.com','11053',1,1,31,null,to_date('15/06/26','RR/MM/DD'),'11053',to_date('17/06/26','RR/MM/DD'));
Insert into MAP.USERS (USER_ID,EMAIL,PASSWORD,TYPE,GENDER,AGE,STATUS_MSG,REG_DATE,REG_IP,UPDATE_DATE) values (54,'aaa11054@naver.com','11054',1,2,21,null,to_date('14/06/27','RR/MM/DD'),'11054',to_date('17/06/27','RR/MM/DD'));
Insert into MAP.USERS (USER_ID,EMAIL,PASSWORD,TYPE,GENDER,AGE,STATUS_MSG,REG_DATE,REG_IP,UPDATE_DATE) values (55,'aaa11055@naver.com','11055',1,1,22,null,to_date('13/06/28','RR/MM/DD'),'11055',to_date('17/06/28','RR/MM/DD'));
Insert into MAP.USERS (USER_ID,EMAIL,PASSWORD,TYPE,GENDER,AGE,STATUS_MSG,REG_DATE,REG_IP,UPDATE_DATE) values (56,'aaa11056@naver.com','11056',1,2,23,null,to_date('12/06/29','RR/MM/DD'),'11056',to_date('17/06/29','RR/MM/DD'));
Insert into MAP.USERS (USER_ID,EMAIL,PASSWORD,TYPE,GENDER,AGE,STATUS_MSG,REG_DATE,REG_IP,UPDATE_DATE) values (57,'aaa11057@naver.com','11057',1,1,24,null,to_date('11/06/30','RR/MM/DD'),'11057',to_date('17/06/30','RR/MM/DD'));
Insert into MAP.USERS (USER_ID,EMAIL,PASSWORD,TYPE,GENDER,AGE,STATUS_MSG,REG_DATE,REG_IP,UPDATE_DATE) values (58,'aaa11058@naver.com','11058',1,2,25,null,to_date('10/07/01','RR/MM/DD'),'11058',to_date('17/07/01','RR/MM/DD'));
Insert into MAP.USERS (USER_ID,EMAIL,PASSWORD,TYPE,GENDER,AGE,STATUS_MSG,REG_DATE,REG_IP,UPDATE_DATE) values (59,'aaa11059@naver.com','11059',1,1,26,null,to_date('09/07/02','RR/MM/DD'),'11059',to_date('17/07/02','RR/MM/DD'));
Insert into MAP.USERS (USER_ID,EMAIL,PASSWORD,TYPE,GENDER,AGE,STATUS_MSG,REG_DATE,REG_IP,UPDATE_DATE) values (60,'aaa11060@naver.com','11060',1,2,27,null,to_date('07/07/03','RR/MM/DD'),'11060',to_date('17/07/03','RR/MM/DD'));
Insert into MAP.USERS (USER_ID,EMAIL,PASSWORD,TYPE,GENDER,AGE,STATUS_MSG,REG_DATE,REG_IP,UPDATE_DATE) values (61,'aaa11061@naver.com','11061',1,1,28,null,to_date('08/07/04','RR/MM/DD'),'11061',to_date('17/07/04','RR/MM/DD'));
Insert into MAP.USERS (USER_ID,EMAIL,PASSWORD,TYPE,GENDER,AGE,STATUS_MSG,REG_DATE,REG_IP,UPDATE_DATE) values (62,'aaa11062@naver.com','11062',1,2,29,null,to_date('17/05/21','RR/MM/DD'),'11062',to_date('17/05/21','RR/MM/DD'));
Insert into MAP.USERS (USER_ID,EMAIL,PASSWORD,TYPE,GENDER,AGE,STATUS_MSG,REG_DATE,REG_IP,UPDATE_DATE) values (63,'aaa11063@naver.com','11063',1,1,30,null,to_date('06/05/22','RR/MM/DD'),'11063',to_date('17/05/22','RR/MM/DD'));
Insert into MAP.USERS (USER_ID,EMAIL,PASSWORD,TYPE,GENDER,AGE,STATUS_MSG,REG_DATE,REG_IP,UPDATE_DATE) values (64,'aaa11064@naver.com','11064',1,2,31,null,to_date('16/05/23','RR/MM/DD'),'11064',to_date('17/05/23','RR/MM/DD'));
Insert into MAP.USERS (USER_ID,EMAIL,PASSWORD,TYPE,GENDER,AGE,STATUS_MSG,REG_DATE,REG_IP,UPDATE_DATE) values (65,'aaa11065@naver.com','11065',1,1,32,null,to_date('15/05/24','RR/MM/DD'),'11065',to_date('17/05/24','RR/MM/DD'));
Insert into MAP.USERS (USER_ID,EMAIL,PASSWORD,TYPE,GENDER,AGE,STATUS_MSG,REG_DATE,REG_IP,UPDATE_DATE) values (66,'aaa11066@naver.com','11066',1,2,33,null,to_date('14/05/25','RR/MM/DD'),'11066',to_date('17/05/25','RR/MM/DD'));
Insert into MAP.USERS (USER_ID,EMAIL,PASSWORD,TYPE,GENDER,AGE,STATUS_MSG,REG_DATE,REG_IP,UPDATE_DATE) values (67,'aaa11067@naver.com','11067',1,1,34,null,to_date('13/05/26','RR/MM/DD'),'11067',to_date('17/05/26','RR/MM/DD'));
Insert into MAP.USERS (USER_ID,EMAIL,PASSWORD,TYPE,GENDER,AGE,STATUS_MSG,REG_DATE,REG_IP,UPDATE_DATE) values (68,'aaa11068@naver.com','11068',1,2,35,null,to_date('12/05/27','RR/MM/DD'),'11068',to_date('17/05/27','RR/MM/DD'));
Insert into MAP.USERS (USER_ID,EMAIL,PASSWORD,TYPE,GENDER,AGE,STATUS_MSG,REG_DATE,REG_IP,UPDATE_DATE) values (69,'aaa11069@naver.com','11069',1,1,36,null,to_date('11/05/28','RR/MM/DD'),'11069',to_date('17/05/28','RR/MM/DD'));
Insert into MAP.USERS (USER_ID,EMAIL,PASSWORD,TYPE,GENDER,AGE,STATUS_MSG,REG_DATE,REG_IP,UPDATE_DATE) values (70,'aaa11070@naver.com','11070',1,2,37,null,to_date('17/05/29','RR/MM/DD'),'11070',to_date('17/05/29','RR/MM/DD'));
Insert into MAP.USERS (USER_ID,EMAIL,PASSWORD,TYPE,GENDER,AGE,STATUS_MSG,REG_DATE,REG_IP,UPDATE_DATE) values (71,'aaa11071@naver.com','11071',1,1,38,null,to_date('17/05/30','RR/MM/DD'),'11071',to_date('17/05/30','RR/MM/DD'));
Insert into MAP.USERS (USER_ID,EMAIL,PASSWORD,TYPE,GENDER,AGE,STATUS_MSG,REG_DATE,REG_IP,UPDATE_DATE) values (72,'aaa11072@naver.com','11072',1,2,39,null,to_date('17/05/31','RR/MM/DD'),'11072',to_date('17/05/31','RR/MM/DD'));
Insert into MAP.USERS (USER_ID,EMAIL,PASSWORD,TYPE,GENDER,AGE,STATUS_MSG,REG_DATE,REG_IP,UPDATE_DATE) values (73,'aaa11073@naver.com','11073',1,1,40,null,to_date('16/06/01','RR/MM/DD'),'11073',to_date('17/06/01','RR/MM/DD'));
Insert into MAP.USERS (USER_ID,EMAIL,PASSWORD,TYPE,GENDER,AGE,STATUS_MSG,REG_DATE,REG_IP,UPDATE_DATE) values (74,'aaa11074@naver.com','11074',1,1,41,null,to_date('15/06/02','RR/MM/DD'),'11074',to_date('17/06/02','RR/MM/DD'));
Insert into MAP.USERS (USER_ID,EMAIL,PASSWORD,TYPE,GENDER,AGE,STATUS_MSG,REG_DATE,REG_IP,UPDATE_DATE) values (75,'aaa11075@naver.com','11075',1,2,42,null,to_date('14/06/03','RR/MM/DD'),'11075',to_date('17/06/03','RR/MM/DD'));
Insert into MAP.USERS (USER_ID,EMAIL,PASSWORD,TYPE,GENDER,AGE,STATUS_MSG,REG_DATE,REG_IP,UPDATE_DATE) values (76,'aaa11076@naver.com','11076',1,1,43,null,to_date('12/06/04','RR/MM/DD'),'11076',to_date('17/06/04','RR/MM/DD'));
Insert into MAP.USERS (USER_ID,EMAIL,PASSWORD,TYPE,GENDER,AGE,STATUS_MSG,REG_DATE,REG_IP,UPDATE_DATE) values (77,'aaa11077@naver.com','11077',1,2,44,null,to_date('09/06/05','RR/MM/DD'),'11077',to_date('17/06/05','RR/MM/DD'));
Insert into MAP.USERS (USER_ID,EMAIL,PASSWORD,TYPE,GENDER,AGE,STATUS_MSG,REG_DATE,REG_IP,UPDATE_DATE) values (78,'aaa11078@naver.com','11078',1,1,45,null,to_date('08/06/06','RR/MM/DD'),'11078',to_date('17/06/06','RR/MM/DD'));
Insert into MAP.USERS (USER_ID,EMAIL,PASSWORD,TYPE,GENDER,AGE,STATUS_MSG,REG_DATE,REG_IP,UPDATE_DATE) values (79,'aaa11079@naver.com','11079',1,2,46,null,to_date('07/06/07','RR/MM/DD'),'11079',to_date('17/06/07','RR/MM/DD'));
Insert into MAP.USERS (USER_ID,EMAIL,PASSWORD,TYPE,GENDER,AGE,STATUS_MSG,REG_DATE,REG_IP,UPDATE_DATE) values (80,'aaa11080@naver.com','11080',1,1,47,null,to_date('17/06/08','RR/MM/DD'),'11080',to_date('17/06/08','RR/MM/DD'));
Insert into MAP.USERS (USER_ID,EMAIL,PASSWORD,TYPE,GENDER,AGE,STATUS_MSG,REG_DATE,REG_IP,UPDATE_DATE) values (100,'psujin831@gmail.com','sujin',1,2,26,'환영합니다.',to_date('17/07/04','RR/MM/DD'),'localhost',to_date('17/07/04','RR/MM/DD'));
Insert into MAP.USERS (USER_ID,EMAIL,PASSWORD,TYPE,GENDER,AGE,STATUS_MSG,REG_DATE,REG_IP,UPDATE_DATE) values (1,'aaa11001@naver.com','11001',2,1,21,'팔로우 환영합니다~ ',to_date('17/05/07','RR/MM/DD'),'11001',to_date('17/05/07','RR/MM/DD'));
Insert into MAP.USERS (USER_ID,EMAIL,PASSWORD,TYPE,GENDER,AGE,STATUS_MSG,REG_DATE,REG_IP,UPDATE_DATE) values (2,'aaa11002@naver.com','11002',2,2,22,'배고파요 ',to_date('17/05/06','RR/MM/DD'),'11002',to_date('17/05/06','RR/MM/DD'));
Insert into MAP.USERS (USER_ID,EMAIL,PASSWORD,TYPE,GENDER,AGE,STATUS_MSG,REG_DATE,REG_IP,UPDATE_DATE) values (3,'aaa11003@naver.com','11003',2,1,23,'진정한 맛집은 어디에',to_date('17/05/07','RR/MM/DD'),'11003',to_date('17/05/07','RR/MM/DD'));
Insert into MAP.USERS (USER_ID,EMAIL,PASSWORD,TYPE,GENDER,AGE,STATUS_MSG,REG_DATE,REG_IP,UPDATE_DATE) values (4,'aaa11004@naver.com','11004',2,2,24,'서울 사시는분 맞팔해요~ ',to_date('17/05/08','RR/MM/DD'),'11004',to_date('17/05/08','RR/MM/DD'));
Insert into MAP.USERS (USER_ID,EMAIL,PASSWORD,TYPE,GENDER,AGE,STATUS_MSG,REG_DATE,REG_IP,UPDATE_DATE) values (5,'aaa11005@naver.com','11005',2,1,25,'디저트 맛집 찾아다니기 ',to_date('17/05/09','RR/MM/DD'),'11005',to_date('17/05/09','RR/MM/DD'));
Insert into MAP.USERS (USER_ID,EMAIL,PASSWORD,TYPE,GENDER,AGE,STATUS_MSG,REG_DATE,REG_IP,UPDATE_DATE) values (6,'aaa11006@naver.com','11006',2,2,26,'구로구 주민입니다',to_date('17/05/10','RR/MM/DD'),'11006',to_date('17/05/10','RR/MM/DD'));
Insert into MAP.USERS (USER_ID,EMAIL,PASSWORD,TYPE,GENDER,AGE,STATUS_MSG,REG_DATE,REG_IP,UPDATE_DATE) values (7,'aaa11007@naver.com','11007',2,1,27,'식신이 꿈입니다',to_date('17/05/11','RR/MM/DD'),'11007',to_date('17/05/11','RR/MM/DD'));
Insert into MAP.USERS (USER_ID,EMAIL,PASSWORD,TYPE,GENDER,AGE,STATUS_MSG,REG_DATE,REG_IP,UPDATE_DATE) values (8,'aaa11008@naver.com','11008',2,2,28,'365일 배고파요~',to_date('17/05/12','RR/MM/DD'),'11008',to_date('17/05/12','RR/MM/DD'));
Insert into MAP.USERS (USER_ID,EMAIL,PASSWORD,TYPE,GENDER,AGE,STATUS_MSG,REG_DATE,REG_IP,UPDATE_DATE) values (9,'aaa11009@naver.com','11009',2,1,29,'맛있는 음식은 내 삶의 원동력',to_date('17/05/13','RR/MM/DD'),'11009',to_date('17/05/13','RR/MM/DD'));
Insert into MAP.USERS (USER_ID,EMAIL,PASSWORD,TYPE,GENDER,AGE,STATUS_MSG,REG_DATE,REG_IP,UPDATE_DATE) values (10,'aaa11010@naver.com','11010',2,2,30,'배고파배고파배고파',to_date('17/05/14','RR/MM/DD'),'11010',to_date('17/05/14','RR/MM/DD'));
Insert into MAP.USERS (USER_ID,EMAIL,PASSWORD,TYPE,GENDER,AGE,STATUS_MSG,REG_DATE,REG_IP,UPDATE_DATE) values (11,'aaa11011@naver.com','11011',2,1,31,'고기마니아',to_date('17/05/15','RR/MM/DD'),'11011',to_date('17/05/15','RR/MM/DD'));
Insert into MAP.USERS (USER_ID,EMAIL,PASSWORD,TYPE,GENDER,AGE,STATUS_MSG,REG_DATE,REG_IP,UPDATE_DATE) values (12,'aaa11012@naver.com','11012',2,2,32,'팔로우 부탁해요!',to_date('17/05/16','RR/MM/DD'),'11012',to_date('17/05/16','RR/MM/DD'));
Insert into MAP.USERS (USER_ID,EMAIL,PASSWORD,TYPE,GENDER,AGE,STATUS_MSG,REG_DATE,REG_IP,UPDATE_DATE) values (13,'aaa11013@naver.com','11013',2,1,33,'먹을 때는 개도 건드리지 않는 법',to_date('17/05/17','RR/MM/DD'),'11013',to_date('17/05/17','RR/MM/DD'));
Insert into MAP.USERS (USER_ID,EMAIL,PASSWORD,TYPE,GENDER,AGE,STATUS_MSG,REG_DATE,REG_IP,UPDATE_DATE) values (14,'aaa11014@naver.com','11014',2,2,34,'맛있어서 행복해요~',to_date('17/05/18','RR/MM/DD'),'11014',to_date('17/05/18','RR/MM/DD'));
Insert into MAP.USERS (USER_ID,EMAIL,PASSWORD,TYPE,GENDER,AGE,STATUS_MSG,REG_DATE,REG_IP,UPDATE_DATE) values (15,'aaa11015@naver.com','11015',2,1,35,null,to_date('17/05/19','RR/MM/DD'),'11015',to_date('17/05/19','RR/MM/DD'));
Insert into MAP.USERS (USER_ID,EMAIL,PASSWORD,TYPE,GENDER,AGE,STATUS_MSG,REG_DATE,REG_IP,UPDATE_DATE) values (16,'aaa11016@naver.com','11016',2,2,36,null,to_date('17/05/20','RR/MM/DD'),'11016',to_date('17/05/20','RR/MM/DD'));
Insert into MAP.USERS (USER_ID,EMAIL,PASSWORD,TYPE,GENDER,AGE,STATUS_MSG,REG_DATE,REG_IP,UPDATE_DATE) values (17,'aaa11017@naver.com','11017',2,1,37,null,to_date('17/05/21','RR/MM/DD'),'11017',to_date('17/05/21','RR/MM/DD'));
Insert into MAP.USERS (USER_ID,EMAIL,PASSWORD,TYPE,GENDER,AGE,STATUS_MSG,REG_DATE,REG_IP,UPDATE_DATE) values (18,'aaa11018@naver.com','11018',2,2,38,null,to_date('17/05/22','RR/MM/DD'),'11018',to_date('17/05/22','RR/MM/DD'));
Insert into MAP.USERS (USER_ID,EMAIL,PASSWORD,TYPE,GENDER,AGE,STATUS_MSG,REG_DATE,REG_IP,UPDATE_DATE) values (19,'aaa11019@naver.com','11019',2,1,39,null,to_date('17/05/23','RR/MM/DD'),'11019',to_date('17/05/23','RR/MM/DD'));
Insert into MAP.USERS (USER_ID,EMAIL,PASSWORD,TYPE,GENDER,AGE,STATUS_MSG,REG_DATE,REG_IP,UPDATE_DATE) values (20,'aaa11020@naver.com','11020',2,2,40,null,to_date('17/05/24','RR/MM/DD'),'11020',to_date('17/05/24','RR/MM/DD'));
Insert into MAP.USERS (USER_ID,EMAIL,PASSWORD,TYPE,GENDER,AGE,STATUS_MSG,REG_DATE,REG_IP,UPDATE_DATE) values (21,'aaa11021@naver.com','11021',2,1,41,null,to_date('17/05/25','RR/MM/DD'),'11021',to_date('17/05/25','RR/MM/DD'));
Insert into MAP.USERS (USER_ID,EMAIL,PASSWORD,TYPE,GENDER,AGE,STATUS_MSG,REG_DATE,REG_IP,UPDATE_DATE) values (22,'aaa11022@naver.com','11022',2,2,42,null,to_date('17/05/26','RR/MM/DD'),'11022',to_date('17/05/26','RR/MM/DD'));
Insert into MAP.USERS (USER_ID,EMAIL,PASSWORD,TYPE,GENDER,AGE,STATUS_MSG,REG_DATE,REG_IP,UPDATE_DATE) values (23,'aaa11023@naver.com','11023',2,1,43,null,to_date('17/05/27','RR/MM/DD'),'11023',to_date('17/05/27','RR/MM/DD'));
Insert into MAP.USERS (USER_ID,EMAIL,PASSWORD,TYPE,GENDER,AGE,STATUS_MSG,REG_DATE,REG_IP,UPDATE_DATE) values (24,'aaa11024@naver.com','11024',2,2,44,null,to_date('17/05/28','RR/MM/DD'),'11024',to_date('17/05/28','RR/MM/DD'));
Insert into MAP.USERS (USER_ID,EMAIL,PASSWORD,TYPE,GENDER,AGE,STATUS_MSG,REG_DATE,REG_IP,UPDATE_DATE) values (25,'aaa11025@naver.com','11025',2,1,45,null,to_date('17/05/29','RR/MM/DD'),'11025',to_date('17/05/29','RR/MM/DD'));
Insert into MAP.USERS (USER_ID,EMAIL,PASSWORD,TYPE,GENDER,AGE,STATUS_MSG,REG_DATE,REG_IP,UPDATE_DATE) values (26,'aaa11026@naver.com','11026',2,2,46,null,to_date('17/05/30','RR/MM/DD'),'11026',to_date('17/05/30','RR/MM/DD'));
Insert into MAP.USERS (USER_ID,EMAIL,PASSWORD,TYPE,GENDER,AGE,STATUS_MSG,REG_DATE,REG_IP,UPDATE_DATE) values (27,'aaa11027@naver.com','11027',2,1,47,null,to_date('17/05/31','RR/MM/DD'),'11027',to_date('17/05/31','RR/MM/DD'));
Insert into MAP.USERS (USER_ID,EMAIL,PASSWORD,TYPE,GENDER,AGE,STATUS_MSG,REG_DATE,REG_IP,UPDATE_DATE) values (28,'aaa11028@naver.com','11028',2,2,48,null,to_date('17/06/01','RR/MM/DD'),'11028',to_date('17/06/01','RR/MM/DD'));
Insert into MAP.USERS (USER_ID,EMAIL,PASSWORD,TYPE,GENDER,AGE,STATUS_MSG,REG_DATE,REG_IP,UPDATE_DATE) values (29,'aaa11029@naver.com','11029',2,1,49,null,to_date('17/06/02','RR/MM/DD'),'11029',to_date('17/06/02','RR/MM/DD'));
Insert into MAP.USERS (USER_ID,EMAIL,PASSWORD,TYPE,GENDER,AGE,STATUS_MSG,REG_DATE,REG_IP,UPDATE_DATE) values (30,'aaa11030@naver.com','11030',2,2,50,null,to_date('17/06/03','RR/MM/DD'),'11030',to_date('17/06/03','RR/MM/DD'));
Insert into MAP.USERS (USER_ID,EMAIL,PASSWORD,TYPE,GENDER,AGE,STATUS_MSG,REG_DATE,REG_IP,UPDATE_DATE) values (31,'aaa11031@naver.com','11031',2,1,30,null,to_date('17/06/04','RR/MM/DD'),'11031',to_date('17/06/04','RR/MM/DD'));
Insert into MAP.USERS (USER_ID,EMAIL,PASSWORD,TYPE,GENDER,AGE,STATUS_MSG,REG_DATE,REG_IP,UPDATE_DATE) values (32,'aaa11032@naver.com','11032',2,2,31,null,to_date('17/06/05','RR/MM/DD'),'11032',to_date('17/06/05','RR/MM/DD'));
Insert into MAP.USERS (USER_ID,EMAIL,PASSWORD,TYPE,GENDER,AGE,STATUS_MSG,REG_DATE,REG_IP,UPDATE_DATE) values (33,'aaa11033@naver.com','11033',2,1,32,null,to_date('17/06/06','RR/MM/DD'),'11033',to_date('17/06/06','RR/MM/DD'));
Insert into MAP.USERS (USER_ID,EMAIL,PASSWORD,TYPE,GENDER,AGE,STATUS_MSG,REG_DATE,REG_IP,UPDATE_DATE) values (34,'aaa11034@naver.com','11034',2,2,33,null,to_date('17/06/07','RR/MM/DD'),'11034',to_date('17/06/07','RR/MM/DD'));
Insert into MAP.USERS (USER_ID,EMAIL,PASSWORD,TYPE,GENDER,AGE,STATUS_MSG,REG_DATE,REG_IP,UPDATE_DATE) values (35,'aaa11035@naver.com','11035',2,1,34,null,to_date('17/06/08','RR/MM/DD'),'11035',to_date('17/06/08','RR/MM/DD'));
Insert into MAP.USERS (USER_ID,EMAIL,PASSWORD,TYPE,GENDER,AGE,STATUS_MSG,REG_DATE,REG_IP,UPDATE_DATE) values (36,'aaa11036@naver.com','11036',2,2,35,null,to_date('17/06/09','RR/MM/DD'),'11036',to_date('17/06/09','RR/MM/DD'));
Insert into MAP.USERS (USER_ID,EMAIL,PASSWORD,TYPE,GENDER,AGE,STATUS_MSG,REG_DATE,REG_IP,UPDATE_DATE) values (37,'aaa11037@naver.com','11037',2,1,36,null,to_date('17/06/10','RR/MM/DD'),'11037',to_date('17/06/10','RR/MM/DD'));
Insert into MAP.USERS (USER_ID,EMAIL,PASSWORD,TYPE,GENDER,AGE,STATUS_MSG,REG_DATE,REG_IP,UPDATE_DATE) values (38,'aaa11038@naver.com','11038',2,2,37,null,to_date('17/06/11','RR/MM/DD'),'11038',to_date('17/06/11','RR/MM/DD'));
Insert into MAP.USERS (USER_ID,EMAIL,PASSWORD,TYPE,GENDER,AGE,STATUS_MSG,REG_DATE,REG_IP,UPDATE_DATE) values (39,'aaa11039@naver.com','11039',2,1,38,null,to_date('17/06/12','RR/MM/DD'),'11039',to_date('17/06/12','RR/MM/DD'));
Insert into MAP.USERS (USER_ID,EMAIL,PASSWORD,TYPE,GENDER,AGE,STATUS_MSG,REG_DATE,REG_IP,UPDATE_DATE) values (40,'aaa11040@naver.com','11040',2,2,39,null,to_date('17/06/13','RR/MM/DD'),'11040',to_date('17/06/13','RR/MM/DD'));
Insert into MAP.USERS (USER_ID,EMAIL,PASSWORD,TYPE,GENDER,AGE,STATUS_MSG,REG_DATE,REG_IP,UPDATE_DATE) values (41,'aaa11041@naver.com','11041',2,1,40,null,to_date('17/06/14','RR/MM/DD'),'11041',to_date('17/06/14','RR/MM/DD'));
Insert into MAP.USERS (USER_ID,EMAIL,PASSWORD,TYPE,GENDER,AGE,STATUS_MSG,REG_DATE,REG_IP,UPDATE_DATE) values (42,'aaa11042@naver.com','11042',2,2,41,null,to_date('17/06/15','RR/MM/DD'),'11042',to_date('17/06/15','RR/MM/DD'));
Insert into MAP.USERS (USER_ID,EMAIL,PASSWORD,TYPE,GENDER,AGE,STATUS_MSG,REG_DATE,REG_IP,UPDATE_DATE) values (43,'aaa11043@naver.com','11043',1,1,21,null,to_date('17/06/16','RR/MM/DD'),'11043',to_date('17/06/16','RR/MM/DD'));
Insert into MAP.USERS (USER_ID,EMAIL,PASSWORD,TYPE,GENDER,AGE,STATUS_MSG,REG_DATE,REG_IP,UPDATE_DATE) values (44,'aaa11044@naver.com','11044',1,2,22,null,to_date('17/06/17','RR/MM/DD'),'11044',to_date('17/06/17','RR/MM/DD'));
Insert into MAP.USERS (USER_ID,EMAIL,PASSWORD,TYPE,GENDER,AGE,STATUS_MSG,REG_DATE,REG_IP,UPDATE_DATE) values (45,'aaa11045@naver.com','11045',1,1,23,null,to_date('17/06/18','RR/MM/DD'),'11045',to_date('17/06/18','RR/MM/DD'));
Insert into MAP.USERS (USER_ID,EMAIL,PASSWORD,TYPE,GENDER,AGE,STATUS_MSG,REG_DATE,REG_IP,UPDATE_DATE) values (46,'aaa11046@naver.com','11046',1,2,24,null,to_date('17/06/19','RR/MM/DD'),'11046',to_date('17/06/19','RR/MM/DD'));
Insert into MAP.USERS (USER_ID,EMAIL,PASSWORD,TYPE,GENDER,AGE,STATUS_MSG,REG_DATE,REG_IP,UPDATE_DATE) values (47,'aaa11047@naver.com','11047',1,1,25,null,to_date('17/06/20','RR/MM/DD'),'11047',to_date('17/06/20','RR/MM/DD'));
Insert into MAP.USERS (USER_ID,EMAIL,PASSWORD,TYPE,GENDER,AGE,STATUS_MSG,REG_DATE,REG_IP,UPDATE_DATE) values (48,'aaa11048@naver.com','11048',1,2,26,null,to_date('17/06/21','RR/MM/DD'),'11048',to_date('17/06/21','RR/MM/DD'));
Insert into MAP.USERS (USER_ID,EMAIL,PASSWORD,TYPE,GENDER,AGE,STATUS_MSG,REG_DATE,REG_IP,UPDATE_DATE) values (49,'aaa11049@naver.com','11049',1,1,27,null,to_date('17/06/22','RR/MM/DD'),'11049',to_date('17/06/22','RR/MM/DD'));
Insert into MAP.USERS (USER_ID,EMAIL,PASSWORD,TYPE,GENDER,AGE,STATUS_MSG,REG_DATE,REG_IP,UPDATE_DATE) values (50,'aaa11050@naver.com','11050',1,2,28,null,to_date('17/06/23','RR/MM/DD'),'11050',to_date('17/06/23','RR/MM/DD'));
Insert into MAP.USERS (USER_ID,EMAIL,PASSWORD,TYPE,GENDER,AGE,STATUS_MSG,REG_DATE,REG_IP,UPDATE_DATE) values (101,'aaa11101@naver.com','11101',0,1,62,null,to_date('05/06/05','RR/MM/DD'),'11101',to_date('17/05/05','RR/MM/DD'));
Insert into MAP.USERS (USER_ID,EMAIL,PASSWORD,TYPE,GENDER,AGE,STATUS_MSG,REG_DATE,REG_IP,UPDATE_DATE) values (102,'kiajwuc@naver.com','1234567',1,2,25,'환영합니다.',to_date('17/07/10','RR/MM/DD'),'localhost',to_date('17/07/10','RR/MM/DD'));
REM INSERTING into MAP.USER_SNS
SET DEFINE OFF;
--------------------------------------------------------
--  DDL for Index PK_SHOP_CATEGORY
--------------------------------------------------------

  CREATE UNIQUE INDEX "MAP"."PK_SHOP_CATEGORY" ON "MAP"."SHOP_CATEGORY" ("CATEGORY_ID") 
  PCTFREE 10 INITRANS 2 MAXTRANS 255 COMPUTE STATISTICS 
  STORAGE(INITIAL 65536 NEXT 1048576 MINEXTENTS 1 MAXEXTENTS 2147483645
  PCTINCREASE 0 FREELISTS 1 FREELIST GROUPS 1 BUFFER_POOL DEFAULT FLASH_CACHE DEFAULT CELL_FLASH_CACHE DEFAULT)
  TABLESPACE "USERS" ;
--------------------------------------------------------
--  DDL for Index PK_REVIEW_COMMENT
--------------------------------------------------------

  CREATE UNIQUE INDEX "MAP"."PK_REVIEW_COMMENT" ON "MAP"."REVIEW_COMMENT" ("REVIEW_COMMENT_ID") 
  PCTFREE 10 INITRANS 2 MAXTRANS 255 COMPUTE STATISTICS 
  STORAGE(INITIAL 65536 NEXT 1048576 MINEXTENTS 1 MAXEXTENTS 2147483645
  PCTINCREASE 0 FREELISTS 1 FREELIST GROUPS 1 BUFFER_POOL DEFAULT FLASH_CACHE DEFAULT CELL_FLASH_CACHE DEFAULT)
  TABLESPACE "USERS" ;
--------------------------------------------------------
--  DDL for Index PK_REVIEW
--------------------------------------------------------

  CREATE UNIQUE INDEX "MAP"."PK_REVIEW" ON "MAP"."REVIEW" ("REVIEW_ID") 
  PCTFREE 10 INITRANS 2 MAXTRANS 255 COMPUTE STATISTICS 
  STORAGE(INITIAL 65536 NEXT 1048576 MINEXTENTS 1 MAXEXTENTS 2147483645
  PCTINCREASE 0 FREELISTS 1 FREELIST GROUPS 1 BUFFER_POOL DEFAULT FLASH_CACHE DEFAULT CELL_FLASH_CACHE DEFAULT)
  TABLESPACE "USERS" ;
--------------------------------------------------------
--  DDL for Index PK_FOLLOW_CATEGORY
--------------------------------------------------------

  CREATE UNIQUE INDEX "MAP"."PK_FOLLOW_CATEGORY" ON "MAP"."FOLLOW_CATEGORY" ("FOLLOW_CATEGORY_ID") 
  PCTFREE 10 INITRANS 2 MAXTRANS 255 COMPUTE STATISTICS 
  STORAGE(INITIAL 65536 NEXT 1048576 MINEXTENTS 1 MAXEXTENTS 2147483645
  PCTINCREASE 0 FREELISTS 1 FREELIST GROUPS 1 BUFFER_POOL DEFAULT FLASH_CACHE DEFAULT CELL_FLASH_CACHE DEFAULT)
  TABLESPACE "USERS" ;
--------------------------------------------------------
--  DDL for Index PK_EXHIBITION
--------------------------------------------------------

  CREATE UNIQUE INDEX "MAP"."PK_EXHIBITION" ON "MAP"."EXHIBITION" ("EXHIBITION_ID") 
  PCTFREE 10 INITRANS 2 MAXTRANS 255 COMPUTE STATISTICS 
  STORAGE(INITIAL 65536 NEXT 1048576 MINEXTENTS 1 MAXEXTENTS 2147483645
  PCTINCREASE 0 FREELISTS 1 FREELIST GROUPS 1 BUFFER_POOL DEFAULT FLASH_CACHE DEFAULT CELL_FLASH_CACHE DEFAULT)
  TABLESPACE "USERS" ;
--------------------------------------------------------
--  DDL for Index PK_USERS
--------------------------------------------------------

  CREATE UNIQUE INDEX "MAP"."PK_USERS" ON "MAP"."USERS" ("USER_ID") 
  PCTFREE 10 INITRANS 2 MAXTRANS 255 COMPUTE STATISTICS 
  STORAGE(INITIAL 65536 NEXT 1048576 MINEXTENTS 1 MAXEXTENTS 2147483645
  PCTINCREASE 0 FREELISTS 1 FREELIST GROUPS 1 BUFFER_POOL DEFAULT FLASH_CACHE DEFAULT CELL_FLASH_CACHE DEFAULT)
  TABLESPACE "USERS" ;
--------------------------------------------------------
--  DDL for Index PK_FOLLOW_USER
--------------------------------------------------------

  CREATE UNIQUE INDEX "MAP"."PK_FOLLOW_USER" ON "MAP"."FOLLOW_USER" ("FOLLOW_USER_ID") 
  PCTFREE 10 INITRANS 2 MAXTRANS 255 COMPUTE STATISTICS 
  STORAGE(INITIAL 65536 NEXT 1048576 MINEXTENTS 1 MAXEXTENTS 2147483645
  PCTINCREASE 0 FREELISTS 1 FREELIST GROUPS 1 BUFFER_POOL DEFAULT FLASH_CACHE DEFAULT CELL_FLASH_CACHE DEFAULT)
  TABLESPACE "USERS" ;
--------------------------------------------------------
--  DDL for Index PK_PORTAL_DATA
--------------------------------------------------------

  CREATE UNIQUE INDEX "MAP"."PK_PORTAL_DATA" ON "MAP"."PORTAL_DATA" ("PORTAL_ID") 
  PCTFREE 10 INITRANS 2 MAXTRANS 255 COMPUTE STATISTICS 
  STORAGE(INITIAL 65536 NEXT 1048576 MINEXTENTS 1 MAXEXTENTS 2147483645
  PCTINCREASE 0 FREELISTS 1 FREELIST GROUPS 1 BUFFER_POOL DEFAULT FLASH_CACHE DEFAULT CELL_FLASH_CACHE DEFAULT)
  TABLESPACE "USERS" ;
--------------------------------------------------------
--  Constraints for Table REVIEW
--------------------------------------------------------

  ALTER TABLE "MAP"."REVIEW" ADD CONSTRAINT "PK_REVIEW" PRIMARY KEY ("REVIEW_ID")
  USING INDEX PCTFREE 10 INITRANS 2 MAXTRANS 255 COMPUTE STATISTICS 
  STORAGE(INITIAL 65536 NEXT 1048576 MINEXTENTS 1 MAXEXTENTS 2147483645
  PCTINCREASE 0 FREELISTS 1 FREELIST GROUPS 1 BUFFER_POOL DEFAULT FLASH_CACHE DEFAULT CELL_FLASH_CACHE DEFAULT)
  TABLESPACE "USERS"  ENABLE;
 
  ALTER TABLE "MAP"."REVIEW" MODIFY ("REVIEW_ID" NOT NULL ENABLE);
 
  ALTER TABLE "MAP"."REVIEW" MODIFY ("SHOP_ID" NOT NULL ENABLE);
 
  ALTER TABLE "MAP"."REVIEW" MODIFY ("USER_ID" NOT NULL ENABLE);
 
  ALTER TABLE "MAP"."REVIEW" MODIFY ("TITLE" NOT NULL ENABLE);
 
  ALTER TABLE "MAP"."REVIEW" MODIFY ("CONTENT" NOT NULL ENABLE);
 
  ALTER TABLE "MAP"."REVIEW" MODIFY ("SCORE" NOT NULL ENABLE);
 
  ALTER TABLE "MAP"."REVIEW" MODIFY ("IS_BLIND" NOT NULL ENABLE);
 
  ALTER TABLE "MAP"."REVIEW" MODIFY ("REG_DATE" NOT NULL ENABLE);
--------------------------------------------------------
--  Constraints for Table PORTAL_DATA_CHECK
--------------------------------------------------------

  ALTER TABLE "MAP"."PORTAL_DATA_CHECK" MODIFY ("PORTAL_ID" NOT NULL ENABLE);
 
  ALTER TABLE "MAP"."PORTAL_DATA_CHECK" MODIFY ("USER_ID" NOT NULL ENABLE);
 
  ALTER TABLE "MAP"."PORTAL_DATA_CHECK" MODIFY ("LAST_DATE" NOT NULL ENABLE);
--------------------------------------------------------
--  Constraints for Table FOLLOW_USER
--------------------------------------------------------

  ALTER TABLE "MAP"."FOLLOW_USER" ADD CONSTRAINT "PK_FOLLOW_USER" PRIMARY KEY ("FOLLOW_USER_ID")
  USING INDEX PCTFREE 10 INITRANS 2 MAXTRANS 255 COMPUTE STATISTICS 
  STORAGE(INITIAL 65536 NEXT 1048576 MINEXTENTS 1 MAXEXTENTS 2147483645
  PCTINCREASE 0 FREELISTS 1 FREELIST GROUPS 1 BUFFER_POOL DEFAULT FLASH_CACHE DEFAULT CELL_FLASH_CACHE DEFAULT)
  TABLESPACE "USERS"  ENABLE;
 
  ALTER TABLE "MAP"."FOLLOW_USER" MODIFY ("FOLLOW_USER_ID" NOT NULL ENABLE);
 
  ALTER TABLE "MAP"."FOLLOW_USER" MODIFY ("USER_ID" NOT NULL ENABLE);
 
  ALTER TABLE "MAP"."FOLLOW_USER" MODIFY ("FOLLOW_CATEGORY_ID" NOT NULL ENABLE);
 
  ALTER TABLE "MAP"."FOLLOW_USER" MODIFY ("REG_USER_ID" NOT NULL ENABLE);
 
  ALTER TABLE "MAP"."FOLLOW_USER" MODIFY ("REG_DATE" NOT NULL ENABLE);
--------------------------------------------------------
--  Constraints for Table PORTAL_DATA
--------------------------------------------------------

  ALTER TABLE "MAP"."PORTAL_DATA" ADD CONSTRAINT "PK_PORTAL_DATA" PRIMARY KEY ("PORTAL_ID")
  USING INDEX PCTFREE 10 INITRANS 2 MAXTRANS 255 COMPUTE STATISTICS 
  STORAGE(INITIAL 65536 NEXT 1048576 MINEXTENTS 1 MAXEXTENTS 2147483645
  PCTINCREASE 0 FREELISTS 1 FREELIST GROUPS 1 BUFFER_POOL DEFAULT FLASH_CACHE DEFAULT CELL_FLASH_CACHE DEFAULT)
  TABLESPACE "USERS"  ENABLE;
 
  ALTER TABLE "MAP"."PORTAL_DATA" MODIFY ("PORTAL_ID" NOT NULL ENABLE);
 
  ALTER TABLE "MAP"."PORTAL_DATA" MODIFY ("SHOP_ID" NOT NULL ENABLE);
 
  ALTER TABLE "MAP"."PORTAL_DATA" MODIFY ("SUBJECT" NOT NULL ENABLE);
 
  ALTER TABLE "MAP"."PORTAL_DATA" MODIFY ("CONTENT" NOT NULL ENABLE);
 
  ALTER TABLE "MAP"."PORTAL_DATA" MODIFY ("REG_DATE" NOT NULL ENABLE);
--------------------------------------------------------
--  Constraints for Table REVIEW_GOOD_BAD
--------------------------------------------------------

  ALTER TABLE "MAP"."REVIEW_GOOD_BAD" MODIFY ("REVIEW_ID" NOT NULL ENABLE);
 
  ALTER TABLE "MAP"."REVIEW_GOOD_BAD" MODIFY ("USER_ID" NOT NULL ENABLE);
 
  ALTER TABLE "MAP"."REVIEW_GOOD_BAD" MODIFY ("GOOD" NOT NULL ENABLE);
 
  ALTER TABLE "MAP"."REVIEW_GOOD_BAD" MODIFY ("BAD" NOT NULL ENABLE);
--------------------------------------------------------
--  Constraints for Table REVIEW_IMG
--------------------------------------------------------

  ALTER TABLE "MAP"."REVIEW_IMG" MODIFY ("REVIEW_ID" NOT NULL ENABLE);
 
  ALTER TABLE "MAP"."REVIEW_IMG" MODIFY ("IMG" NOT NULL ENABLE);
--------------------------------------------------------
--  Constraints for Table SHOP_CATEGORY
--------------------------------------------------------

  ALTER TABLE "MAP"."SHOP_CATEGORY" ADD CONSTRAINT "PK_SHOP_CATEGORY" PRIMARY KEY ("CATEGORY_ID")
  USING INDEX PCTFREE 10 INITRANS 2 MAXTRANS 255 COMPUTE STATISTICS 
  STORAGE(INITIAL 65536 NEXT 1048576 MINEXTENTS 1 MAXEXTENTS 2147483645
  PCTINCREASE 0 FREELISTS 1 FREELIST GROUPS 1 BUFFER_POOL DEFAULT FLASH_CACHE DEFAULT CELL_FLASH_CACHE DEFAULT)
  TABLESPACE "USERS"  ENABLE;
 
  ALTER TABLE "MAP"."SHOP_CATEGORY" MODIFY ("CATEGORY_ID" NOT NULL ENABLE);
 
  ALTER TABLE "MAP"."SHOP_CATEGORY" MODIFY ("CATEGORY_TITLE" NOT NULL ENABLE);
 
  ALTER TABLE "MAP"."SHOP_CATEGORY" MODIFY ("CATEGORY_ORDER" NOT NULL ENABLE);
--------------------------------------------------------
--  Constraints for Table REVIEW_CHECK
--------------------------------------------------------

  ALTER TABLE "MAP"."REVIEW_CHECK" MODIFY ("REVIEW_ID" NOT NULL ENABLE);
 
  ALTER TABLE "MAP"."REVIEW_CHECK" MODIFY ("SHOP_ID" NOT NULL ENABLE);
 
  ALTER TABLE "MAP"."REVIEW_CHECK" MODIFY ("USER_ID" NOT NULL ENABLE);
 
  ALTER TABLE "MAP"."REVIEW_CHECK" MODIFY ("GOOD_OR_NOGOOD" NOT NULL ENABLE);
--------------------------------------------------------
--  Constraints for Table OWNER_CONFIRM
--------------------------------------------------------

  ALTER TABLE "MAP"."OWNER_CONFIRM" MODIFY ("USER_ID" NOT NULL ENABLE);
 
  ALTER TABLE "MAP"."OWNER_CONFIRM" MODIFY ("SHOP_ID" NOT NULL ENABLE);
 
  ALTER TABLE "MAP"."OWNER_CONFIRM" MODIFY ("CONFIRM_OK" NOT NULL ENABLE);
--------------------------------------------------------
--  Constraints for Table USER_SNS
--------------------------------------------------------

  ALTER TABLE "MAP"."USER_SNS" MODIFY ("USER_ID" NOT NULL ENABLE);
 
  ALTER TABLE "MAP"."USER_SNS" MODIFY ("SNS_ID" NOT NULL ENABLE);
 
  ALTER TABLE "MAP"."USER_SNS" MODIFY ("SNS" NOT NULL ENABLE);
--------------------------------------------------------
--  Constraints for Table USERS
--------------------------------------------------------

  ALTER TABLE "MAP"."USERS" ADD CONSTRAINT "PK_USERS" PRIMARY KEY ("USER_ID")
  USING INDEX PCTFREE 10 INITRANS 2 MAXTRANS 255 COMPUTE STATISTICS 
  STORAGE(INITIAL 65536 NEXT 1048576 MINEXTENTS 1 MAXEXTENTS 2147483645
  PCTINCREASE 0 FREELISTS 1 FREELIST GROUPS 1 BUFFER_POOL DEFAULT FLASH_CACHE DEFAULT CELL_FLASH_CACHE DEFAULT)
  TABLESPACE "USERS"  ENABLE;
 
  ALTER TABLE "MAP"."USERS" MODIFY ("USER_ID" NOT NULL ENABLE);
 
  ALTER TABLE "MAP"."USERS" MODIFY ("EMAIL" NOT NULL ENABLE);
 
  ALTER TABLE "MAP"."USERS" MODIFY ("PASSWORD" NOT NULL ENABLE);
 
  ALTER TABLE "MAP"."USERS" MODIFY ("TYPE" NOT NULL ENABLE);
 
  ALTER TABLE "MAP"."USERS" MODIFY ("GENDER" NOT NULL ENABLE);
 
  ALTER TABLE "MAP"."USERS" MODIFY ("AGE" NOT NULL ENABLE);
 
  ALTER TABLE "MAP"."USERS" MODIFY ("REG_DATE" NOT NULL ENABLE);
 
  ALTER TABLE "MAP"."USERS" MODIFY ("REG_IP" NOT NULL ENABLE);
--------------------------------------------------------
--  Constraints for Table FOLLOW_CATEGORY
--------------------------------------------------------

  ALTER TABLE "MAP"."FOLLOW_CATEGORY" ADD CONSTRAINT "PK_FOLLOW_CATEGORY" PRIMARY KEY ("FOLLOW_CATEGORY_ID")
  USING INDEX PCTFREE 10 INITRANS 2 MAXTRANS 255 COMPUTE STATISTICS 
  STORAGE(INITIAL 65536 NEXT 1048576 MINEXTENTS 1 MAXEXTENTS 2147483645
  PCTINCREASE 0 FREELISTS 1 FREELIST GROUPS 1 BUFFER_POOL DEFAULT FLASH_CACHE DEFAULT CELL_FLASH_CACHE DEFAULT)
  TABLESPACE "USERS"  ENABLE;
 
  ALTER TABLE "MAP"."FOLLOW_CATEGORY" MODIFY ("FOLLOW_CATEGORY_ID" NOT NULL ENABLE);
 
  ALTER TABLE "MAP"."FOLLOW_CATEGORY" MODIFY ("USER_ID" NOT NULL ENABLE);
 
  ALTER TABLE "MAP"."FOLLOW_CATEGORY" MODIFY ("CATEGORY_NAME" NOT NULL ENABLE);
 
  ALTER TABLE "MAP"."FOLLOW_CATEGORY" MODIFY ("CATEGORY_ORDER" NOT NULL ENABLE);
--------------------------------------------------------
--  Constraints for Table REVIEW_COMMENT
--------------------------------------------------------

  ALTER TABLE "MAP"."REVIEW_COMMENT" ADD CONSTRAINT "PK_REVIEW_COMMENT" PRIMARY KEY ("REVIEW_COMMENT_ID")
  USING INDEX PCTFREE 10 INITRANS 2 MAXTRANS 255 COMPUTE STATISTICS 
  STORAGE(INITIAL 65536 NEXT 1048576 MINEXTENTS 1 MAXEXTENTS 2147483645
  PCTINCREASE 0 FREELISTS 1 FREELIST GROUPS 1 BUFFER_POOL DEFAULT FLASH_CACHE DEFAULT CELL_FLASH_CACHE DEFAULT)
  TABLESPACE "USERS"  ENABLE;
 
  ALTER TABLE "MAP"."REVIEW_COMMENT" MODIFY ("REVIEW_COMMENT_ID" NOT NULL ENABLE);
 
  ALTER TABLE "MAP"."REVIEW_COMMENT" MODIFY ("REVIEW_ID" NOT NULL ENABLE);
 
  ALTER TABLE "MAP"."REVIEW_COMMENT" MODIFY ("USER_ID" NOT NULL ENABLE);
 
  ALTER TABLE "MAP"."REVIEW_COMMENT" MODIFY ("REVIEW_CONTENT" NOT NULL ENABLE);
--------------------------------------------------------
--  Constraints for Table EXHIBITION
--------------------------------------------------------

  ALTER TABLE "MAP"."EXHIBITION" ADD CONSTRAINT "PK_EXHIBITION" PRIMARY KEY ("EXHIBITION_ID")
  USING INDEX PCTFREE 10 INITRANS 2 MAXTRANS 255 COMPUTE STATISTICS 
  STORAGE(INITIAL 65536 NEXT 1048576 MINEXTENTS 1 MAXEXTENTS 2147483645
  PCTINCREASE 0 FREELISTS 1 FREELIST GROUPS 1 BUFFER_POOL DEFAULT FLASH_CACHE DEFAULT CELL_FLASH_CACHE DEFAULT)
  TABLESPACE "USERS"  ENABLE;
 
  ALTER TABLE "MAP"."EXHIBITION" MODIFY ("EXHIBITION_ID" NOT NULL ENABLE);
 
  ALTER TABLE "MAP"."EXHIBITION" MODIFY ("EX_TITLE" NOT NULL ENABLE);
 
  ALTER TABLE "MAP"."EXHIBITION" MODIFY ("EX_DESC" NOT NULL ENABLE);
 
  ALTER TABLE "MAP"."EXHIBITION" MODIFY ("EX_IMAGE" NOT NULL ENABLE);
 
  ALTER TABLE "MAP"."EXHIBITION" MODIFY ("EX_ORDER" NOT NULL ENABLE);
 
  ALTER TABLE "MAP"."EXHIBITION" MODIFY ("EX_VISIABLE" NOT NULL ENABLE);
--------------------------------------------------------
--  Constraints for Table SHOP
--------------------------------------------------------

  ALTER TABLE "MAP"."SHOP" MODIFY ("SHOP_ID" NOT NULL ENABLE);
 
  ALTER TABLE "MAP"."SHOP" MODIFY ("CATEGORY_ID" NOT NULL ENABLE);
 
  ALTER TABLE "MAP"."SHOP" MODIFY ("TITLE" NOT NULL ENABLE);
 
  ALTER TABLE "MAP"."SHOP" MODIFY ("LAT" NOT NULL ENABLE);
 
  ALTER TABLE "MAP"."SHOP" MODIFY ("LNG" NOT NULL ENABLE);
--------------------------------------------------------
--  Constraints for Table EXHIBITION_DETAIL
--------------------------------------------------------

  ALTER TABLE "MAP"."EXHIBITION_DETAIL" MODIFY ("EXHIBITION_ID" NOT NULL ENABLE);
 
  ALTER TABLE "MAP"."EXHIBITION_DETAIL" MODIFY ("SHOP_ID" NOT NULL ENABLE);
 
  ALTER TABLE "MAP"."EXHIBITION_DETAIL" MODIFY ("EXD_ORDER" NOT NULL ENABLE);
